MeasureTime,T-soil-deep
2022-11-09 17:00:00,19.4
2022-11-09 17:01:00,19.4
2022-11-09 17:02:00,19.3
2022-11-09 17:03:00,19.3
2022-11-09 17:04:00,19.3
2022-11-09 17:05:00,19.3
2022-11-09 17:06:00,19.2
2022-11-09 17:07:00,19.2
2022-11-09 17:08:00,19.2
2022-11-09 17:09:00,19.2
2022-11-09 17:10:00,19.1
2022-11-09 17:11:00,19.1
2022-11-09 17:12:00,19.1
2022-11-09 17:13:00,19.0
2022-11-09 17:14:00,19.0
2022-11-09 17:15:00,19.0
2022-11-09 17:16:00,19.0
2022-11-09 17:17:00,18.8
2022-11-09 17:18:00,18.9
2022-11-09 17:19:00,18.9
2022-11-09 17:20:00,18.8
2022-11-09 17:21:00,18.8
2022-11-09 17:22:00,18.8
2022-11-09 17:23:00,18.7
2022-11-09 17:24:00,18.7
2022-11-09 17:25:00,18.7
2022-11-09 17:26:00,18.6
2022-11-09 17:27:00,18.6
2022-11-09 17:28:00,18.6
2022-11-09 17:29:00,18.6
2022-11-09 17:30:00,18.5
2022-11-09 17:31:00,18.5
2022-11-09 17:32:00,18.5
2022-11-09 17:33:00,18.4
2022-11-09 17:34:00,18.4
2022-11-09 17:35:00,18.4
2022-11-09 17:36:00,18.3
2022-11-09 17:37:00,18.3
2022-11-09 17:38:00,18.3
2022-11-09 17:39:00,18.2
2022-11-09 17:40:00,18.2
2022-11-09 17:41:00,18.3
2022-11-09 17:42:00,18.1
2022-11-09 17:43:00,18.1
2022-11-09 17:44:00,18.1
2022-11-09 17:45:00,18.0
2022-11-09 17:46:00,18.0
2022-11-09 17:47:00,18.1
2022-11-09 17:48:00,18.0
2022-11-09 17:49:00,17.9
2022-11-09 17:50:00,18.0
2022-11-09 17:51:00,17.9
2022-11-09 17:52:00,17.9
2022-11-09 17:53:00,17.8
2022-11-09 17:54:00,17.8
2022-11-09 17:55:00,17.8
2022-11-09 17:56:00,17.8
2022-11-09 17:57:00,17.8
2022-11-09 17:58:00,17.7
2022-11-09 17:59:00,17.7
2022-11-09 18:00:00,17.6
2022-11-09 18:01:00,17.7
2022-11-09 18:02:00,17.6
2022-11-09 18:03:00,17.6
2022-11-09 18:04:00,17.6
2022-11-09 18:05:00,17.5
2022-11-09 18:06:00,17.5
2022-11-09 18:07:00,17.5
2022-11-09 18:08:00,17.5
2022-11-09 18:09:00,17.4
2022-11-09 18:10:00,17.4
2022-11-09 18:11:00,17.5
2022-11-09 18:12:00,17.3
2022-11-09 18:13:00,17.4
2022-11-09 18:14:00,17.4
2022-11-09 18:15:00,17.4
2022-11-09 18:16:00,17.2
2022-11-09 18:17:00,17.2
2022-11-09 18:18:00,17.2
2022-11-09 18:19:00,17.1
2022-11-09 18:20:00,17.2
2022-11-09 18:21:00,17.2
2022-11-09 18:22:00,17.1
2022-11-09 18:23:00,17.0
2022-11-09 18:24:00,17.1
2022-11-09 18:25:00,17.0
2022-11-09 18:26:00,17.0
2022-11-09 18:27:00,16.9
2022-11-09 18:28:00,16.9
2022-11-09 18:29:00,17.0
2022-11-09 18:30:00,16.8
2022-11-09 18:31:00,16.8
2022-11-09 18:32:00,16.8
2022-11-09 18:33:00,16.8
2022-11-09 18:34:00,16.7
2022-11-09 18:35:00,16.8
2022-11-09 18:36:00,16.7
2022-11-09 18:37:00,16.7
2022-11-09 18:38:00,16.6
2022-11-09 18:39:00,16.6
2022-11-09 18:40:00,16.6
2022-11-09 18:41:00,16.7
2022-11-09 18:42:00,16.6
2022-11-09 18:43:00,16.6
2022-11-09 18:44:00,16.6
2022-11-09 18:45:00,16.6
2022-11-09 18:46:00,16.6
2022-11-09 18:47:00,16.5
2022-11-09 18:48:00,16.5
2022-11-09 18:49:00,16.5
2022-11-09 18:50:00,16.4
2022-11-09 18:51:00,16.3
2022-11-09 18:52:00,16.3
2022-11-09 18:53:00,16.3
2022-11-09 18:54:00,16.3
2022-11-09 18:55:00,16.2
2022-11-09 18:56:00,16.3
2022-11-09 18:57:00,16.3
2022-11-09 18:58:00,16.2
2022-11-09 18:59:00,16.2
2022-11-09 19:00:00,16.2
2022-11-09 19:01:00,16.2
2022-11-09 19:02:00,16.2
2022-11-09 19:03:00,16.1
2022-11-09 19:04:00,16.1
2022-11-09 19:05:00,16.1
2022-11-09 19:06:00,16.1
2022-11-09 19:07:00,16.1
2022-11-09 19:08:00,16.0
2022-11-09 19:09:00,16.0
2022-11-09 19:10:00,16.0
2022-11-09 19:11:00,16.0
2022-11-09 19:12:00,15.9
2022-11-09 19:13:00,15.9
2022-11-09 19:14:00,15.9
2022-11-09 19:15:00,15.8
2022-11-09 19:16:00,15.8
2022-11-09 19:17:00,15.8
2022-11-09 19:18:00,15.7
2022-11-09 19:19:00,15.8
2022-11-09 19:20:00,15.8
2022-11-09 19:21:00,15.8
2022-11-09 19:22:00,15.6
2022-11-09 19:23:00,15.6
2022-11-09 19:24:00,15.7
2022-11-09 19:25:00,15.6
2022-11-09 19:26:00,15.6
2022-11-09 19:27:00,15.5
2022-11-09 19:28:00,15.5
2022-11-09 19:29:00,15.5
2022-11-09 19:30:00,15.6
2022-11-09 19:31:00,15.6
2022-11-09 19:32:00,15.5
2022-11-09 19:33:00,15.5
2022-11-09 19:34:00,15.5
2022-11-09 19:35:00,15.5
2022-11-09 19:36:00,15.5
2022-11-09 19:37:00,15.4
2022-11-09 19:38:00,15.4
2022-11-09 19:39:00,15.4
2022-11-09 19:40:00,15.4
2022-11-09 19:41:00,15.4
2022-11-09 19:42:00,15.3
2022-11-09 19:43:00,15.3
2022-11-09 19:44:00,15.3
2022-11-09 19:45:00,15.3
2022-11-09 19:46:00,15.3
2022-11-09 19:47:00,15.3
2022-11-09 19:48:00,15.2
2022-11-09 19:49:00,15.2
2022-11-09 19:50:00,15.2
2022-11-09 19:51:00,15.3
2022-11-09 19:52:00,15.2
2022-11-09 19:53:00,15.1
2022-11-09 19:54:00,15.1
2022-11-09 19:55:00,15.1
2022-11-09 19:56:00,15.1
2022-11-09 19:57:00,15.1
2022-11-09 19:58:00,15.2
2022-11-09 19:59:00,15.1
2022-11-09 20:00:00,15.0
2022-11-09 20:01:00,15.1
2022-11-09 20:02:00,15.0
2022-11-09 20:03:00,15.0
2022-11-09 20:04:00,15.0
2022-11-09 20:05:00,14.9
2022-11-09 20:06:00,15.0
2022-11-09 20:07:00,15.0
2022-11-09 20:08:00,15.0
2022-11-09 20:09:00,14.9
2022-11-09 20:10:00,15.0
2022-11-09 20:11:00,15.0
2022-11-09 20:12:00,14.9
2022-11-09 20:13:00,14.9
2022-11-09 20:14:00,14.8
2022-11-09 20:15:00,14.8
2022-11-09 20:16:00,14.9
2022-11-09 20:17:00,14.8
2022-11-09 20:18:00,14.8
2022-11-09 20:19:00,14.7
2022-11-09 20:20:00,14.7
2022-11-09 20:21:00,14.7
2022-11-09 20:22:00,14.7
2022-11-09 20:23:00,14.8
2022-11-09 20:24:00,14.6
2022-11-09 20:25:00,14.7
2022-11-09 20:26:00,14.7
2022-11-09 20:27:00,14.7
2022-11-09 20:28:00,14.7
2022-11-09 20:29:00,14.6
2022-11-09 20:30:00,14.7
2022-11-09 20:31:00,14.5
2022-11-09 20:32:00,14.5
2022-11-09 20:33:00,14.5
2022-11-09 20:34:00,14.5
2022-11-09 20:35:00,14.5
2022-11-09 20:36:00,14.6
2022-11-09 20:37:00,14.5
2022-11-09 20:38:00,14.4
2022-11-09 20:39:00,14.4
2022-11-09 20:40:00,14.5
2022-11-09 20:41:00,14.5
2022-11-09 20:42:00,14.5
2022-11-09 20:43:00,14.4
2022-11-09 20:44:00,14.5
2022-11-09 20:45:00,14.3
2022-11-09 20:46:00,14.3
2022-11-09 20:47:00,14.4
2022-11-09 20:48:00,14.3
2022-11-09 20:49:00,14.3
2022-11-09 20:50:00,14.3
2022-11-09 20:51:00,14.2
2022-11-09 20:52:00,14.2
2022-11-09 20:53:00,14.2
2022-11-09 20:54:00,14.2
2022-11-09 20:55:00,14.2
2022-11-09 20:56:00,14.2
2022-11-09 20:57:00,14.2
2022-11-09 20:58:00,14.1
2022-11-09 20:59:00,14.1
2022-11-09 21:00:00,14.1
2022-11-09 21:01:00,14.2
2022-11-09 21:02:00,14.2
2022-11-09 21:03:00,14.2
2022-11-09 21:04:00,14.1
2022-11-09 21:05:00,14.2
2022-11-09 21:06:00,14.0
2022-11-09 21:07:00,14.0
2022-11-09 21:08:00,14.1
2022-11-09 21:09:00,14.1
2022-11-09 21:10:00,14.0
2022-11-09 21:11:00,14.1
2022-11-09 21:12:00,14.0
2022-11-09 21:13:00,14.0
2022-11-09 21:14:00,14.0
2022-11-09 21:15:00,14.0
2022-11-09 21:16:00,14.0
2022-11-09 21:17:00,14.0
2022-11-09 21:18:00,14.0
2022-11-09 21:19:00,14.0
2022-11-09 21:20:00,13.9
2022-11-09 21:21:00,13.9
2022-11-09 21:22:00,13.9
2022-11-09 21:23:00,14.0
2022-11-09 21:24:00,14.0
2022-11-09 21:25:00,13.9
2022-11-09 21:26:00,13.9
2022-11-09 21:27:00,13.9
2022-11-09 21:28:00,13.8
2022-11-09 21:29:00,13.8
2022-11-09 21:30:00,13.9
2022-11-09 21:31:00,13.8
2022-11-09 21:32:00,13.9
2022-11-09 21:33:00,13.9
2022-11-09 21:34:00,13.9
2022-11-09 21:35:00,13.9
2022-11-09 21:36:00,13.9
2022-11-09 21:37:00,13.8
2022-11-09 21:38:00,13.7
2022-11-09 21:39:00,13.8
2022-11-09 21:40:00,13.8
2022-11-09 21:41:00,13.8
2022-11-09 21:42:00,13.8
2022-11-09 21:43:00,13.8
2022-11-09 21:44:00,13.8
2022-11-09 21:45:00,13.8
2022-11-09 21:46:00,13.8
2022-11-09 21:47:00,13.7
2022-11-09 21:48:00,13.7
2022-11-09 21:49:00,13.7
2022-11-09 21:50:00,13.8
2022-11-09 21:51:00,13.7
2022-11-09 21:52:00,13.7
2022-11-09 21:53:00,13.7
2022-11-09 21:54:00,13.7
2022-11-09 21:55:00,13.7
2022-11-09 21:56:00,13.7
2022-11-09 21:57:00,13.7
2022-11-09 21:58:00,13.6
2022-11-09 21:59:00,13.6
2022-11-09 22:00:00,13.6
2022-11-09 22:01:00,13.6
2022-11-09 22:02:00,13.6
2022-11-09 22:03:00,13.6
2022-11-09 22:04:00,13.6
2022-11-09 22:05:00,13.7
2022-11-09 22:06:00,13.7
2022-11-09 22:07:00,13.7
2022-11-09 22:08:00,13.5
2022-11-09 22:09:00,13.5
2022-11-09 22:10:00,13.5
2022-11-09 22:11:00,13.5
2022-11-09 22:12:00,13.6
2022-11-09 22:13:00,13.6
2022-11-09 22:14:00,13.5
2022-11-09 22:15:00,13.5
2022-11-09 22:16:00,13.5
2022-11-09 22:17:00,13.5
2022-11-09 22:18:00,13.5
2022-11-09 22:19:00,13.5
2022-11-09 22:20:00,13.5
2022-11-09 22:21:00,13.4
2022-11-09 22:22:00,13.4
2022-11-09 22:23:00,13.5
2022-11-09 22:24:00,13.4
2022-11-09 22:25:00,13.5
2022-11-09 22:26:00,13.4
2022-11-09 22:27:00,13.5
2022-11-09 22:28:00,13.5
2022-11-09 22:29:00,13.5
2022-11-09 22:30:00,13.5
2022-11-09 22:31:00,13.4
2022-11-09 22:32:00,13.4
2022-11-09 22:33:00,13.4
2022-11-09 22:34:00,13.4
2022-11-09 22:35:00,13.4
2022-11-09 22:36:00,13.4
2022-11-09 22:37:00,13.4
2022-11-09 22:38:00,13.4
2022-11-09 22:39:00,13.4
2022-11-09 22:40:00,13.4
2022-11-09 22:41:00,13.3
2022-11-09 22:42:00,13.3
2022-11-09 22:43:00,13.4
2022-11-09 22:44:00,13.3
2022-11-09 22:45:00,13.3
2022-11-09 22:46:00,13.3
2022-11-09 22:47:00,13.2
2022-11-09 22:48:00,13.3
2022-11-09 22:49:00,13.3
2022-11-09 22:50:00,13.3
2022-11-09 22:51:00,13.3
2022-11-09 22:52:00,13.3
2022-11-09 22:53:00,13.2
2022-11-09 22:54:00,13.3
2022-11-09 22:55:00,13.3
2022-11-09 22:56:00,13.3
2022-11-09 22:57:00,13.2
2022-11-09 22:58:00,13.2
2022-11-09 22:59:00,13.2
2022-11-09 23:00:00,13.2
2022-11-09 23:01:00,13.2
2022-11-09 23:02:00,13.2
2022-11-09 23:03:00,13.2
2022-11-09 23:04:00,13.2
2022-11-09 23:05:00,13.2
2022-11-09 23:06:00,13.2
2022-11-09 23:07:00,13.2
2022-11-09 23:08:00,13.2
2022-11-09 23:09:00,13.2
2022-11-09 23:10:00,13.2
2022-11-09 23:11:00,13.1
2022-11-09 23:12:00,13.1
2022-11-09 23:13:00,13.1
2022-11-09 23:14:00,13.1
2022-11-09 23:15:00,13.1
2022-11-09 23:16:00,13.1
2022-11-09 23:17:00,13.1
2022-11-09 23:18:00,13.1
2022-11-09 23:19:00,13.0
2022-11-09 23:20:00,13.0
2022-11-09 23:21:00,13.1
2022-11-09 23:22:00,13.0
2022-11-09 23:23:00,13.1
2022-11-09 23:24:00,13.1
2022-11-09 23:25:00,13.0
2022-11-09 23:26:00,12.9
2022-11-09 23:27:00,12.9
2022-11-09 23:28:00,12.9
2022-11-09 23:29:00,13.0
2022-11-09 23:30:00,12.9
2022-11-09 23:31:00,13.0
2022-11-09 23:32:00,12.9
2022-11-09 23:33:00,12.9
2022-11-09 23:34:00,13.0
2022-11-09 23:35:00,13.0
2022-11-09 23:36:00,13.0
2022-11-09 23:37:00,12.9
2022-11-09 23:38:00,12.8
2022-11-09 23:39:00,12.9
2022-11-09 23:40:00,12.9
2022-11-09 23:41:00,12.8
2022-11-09 23:42:00,12.8
2022-11-09 23:43:00,12.8
2022-11-09 23:44:00,12.8
2022-11-09 23:45:00,12.8
2022-11-09 23:46:00,12.9
2022-11-09 23:47:00,12.8
2022-11-09 23:48:00,12.8
2022-11-09 23:49:00,12.9
2022-11-09 23:50:00,12.9
2022-11-09 23:51:00,12.8
2022-11-09 23:52:00,12.8
2022-11-09 23:53:00,12.8
2022-11-09 23:54:00,12.7
2022-11-09 23:55:00,12.7
2022-11-09 23:56:00,12.8
2022-11-09 23:57:00,12.7
2022-11-09 23:58:00,12.7
2022-11-09 23:59:00,12.7
2022-11-10 00:00:00,12.7
2022-11-10 00:01:00,12.7
2022-11-10 00:02:00,12.7
2022-11-10 00:03:00,12.7
2022-11-10 00:04:00,12.7
2022-11-10 00:05:00,12.6
2022-11-10 00:06:00,12.6
2022-11-10 00:07:00,12.6
2022-11-10 00:08:00,12.7
2022-11-10 00:09:00,12.6
2022-11-10 00:10:00,12.7
2022-11-10 00:11:00,12.6
2022-11-10 00:12:00,12.6
2022-11-10 00:13:00,12.6
2022-11-10 00:14:00,12.6
2022-11-10 00:15:00,12.6
2022-11-10 00:16:00,12.6
2022-11-10 00:17:00,12.6
2022-11-10 00:18:00,12.5
2022-11-10 00:19:00,12.5
2022-11-10 00:20:00,12.5
2022-11-10 00:21:00,12.5
2022-11-10 00:22:00,12.5
2022-11-10 00:23:00,12.5
2022-11-10 00:24:00,12.5
2022-11-10 00:25:00,12.5
2022-11-10 00:26:00,12.5
2022-11-10 00:27:00,12.5
2022-11-10 00:28:00,12.5
2022-11-10 00:29:00,12.5
2022-11-10 00:30:00,12.5
2022-11-10 00:31:00,12.6
2022-11-10 00:32:00,12.4
2022-11-10 00:33:00,12.4
2022-11-10 00:34:00,12.4
2022-11-10 00:35:00,12.5
2022-11-10 00:36:00,12.4
2022-11-10 00:37:00,12.5
2022-11-10 00:38:00,12.4
2022-11-10 00:39:00,12.4
2022-11-10 00:40:00,12.5
2022-11-10 00:41:00,12.5
2022-11-10 00:42:00,12.5
2022-11-10 00:43:00,12.5
2022-11-10 00:44:00,12.5
2022-11-10 00:45:00,12.5
2022-11-10 00:46:00,12.3
2022-11-10 00:47:00,12.3
2022-11-10 00:48:00,12.3
2022-11-10 00:49:00,12.3
2022-11-10 00:50:00,12.4
2022-11-10 00:51:00,12.3
2022-11-10 00:52:00,12.3
2022-11-10 00:53:00,12.4
2022-11-10 00:54:00,12.4
2022-11-10 00:55:00,12.3
2022-11-10 00:56:00,12.4
2022-11-10 00:57:00,12.4
2022-11-10 00:58:00,12.4
2022-11-10 00:59:00,12.3
2022-11-10 01:00:00,12.3
2022-11-10 01:01:00,12.3
2022-11-10 01:02:00,12.3
2022-11-10 01:03:00,12.3
2022-11-10 01:04:00,12.3
2022-11-10 01:05:00,12.3
2022-11-10 01:06:00,12.3
2022-11-10 01:07:00,12.3
2022-11-10 01:08:00,12.3
2022-11-10 01:09:00,12.3
2022-11-10 01:10:00,12.3
2022-11-10 01:11:00,12.3
2022-11-10 01:12:00,12.3
2022-11-10 01:13:00,12.3
2022-11-10 01:14:00,12.3
2022-11-10 01:15:00,12.3
2022-11-10 01:16:00,12.3
2022-11-10 01:17:00,12.3
2022-11-10 01:18:00,12.2
2022-11-10 01:19:00,12.3
2022-11-10 01:20:00,12.3
2022-11-10 01:21:00,12.1
2022-11-10 01:22:00,12.1
2022-11-10 01:23:00,12.2
2022-11-10 01:24:00,12.2
2022-11-10 01:25:00,12.1
2022-11-10 01:26:00,12.2
2022-11-10 01:27:00,12.1
2022-11-10 01:28:00,12.2
2022-11-10 01:29:00,12.2
2022-11-10 01:30:00,12.2
2022-11-10 01:31:00,12.1
2022-11-10 01:32:00,12.2
2022-11-10 01:33:00,12.1
2022-11-10 01:34:00,12.2
2022-11-10 01:35:00,12.2
2022-11-10 01:36:00,12.2
2022-11-10 01:37:00,12.2
2022-11-10 01:38:00,12.1
2022-11-10 01:39:00,12.1
2022-11-10 01:40:00,12.1
2022-11-10 01:41:00,12.1
2022-11-10 01:42:00,12.1
2022-11-10 01:43:00,12.0
2022-11-10 01:44:00,12.0
2022-11-10 01:45:00,12.1
2022-11-10 01:46:00,12.0
2022-11-10 01:47:00,12.0
2022-11-10 01:48:00,12.0
2022-11-10 01:49:00,12.0
2022-11-10 01:50:00,12.1
2022-11-10 01:51:00,12.1
2022-11-10 01:52:00,12.0
2022-11-10 01:53:00,12.1
2022-11-10 01:54:00,12.0
2022-11-10 01:55:00,12.0
2022-11-10 01:56:00,12.1
2022-11-10 01:57:00,11.9
2022-11-10 01:58:00,12.0
2022-11-10 01:59:00,11.9
2022-11-10 02:00:00,12.0
2022-11-10 02:01:00,12.0
2022-11-10 02:02:00,11.9
2022-11-10 02:03:00,11.9
2022-11-10 02:04:00,11.9
2022-11-10 02:05:00,11.9
2022-11-10 02:06:00,11.9
2022-11-10 02:07:00,12.0
2022-11-10 02:08:00,12.0
2022-11-10 02:09:00,11.9
2022-11-10 02:10:00,12.0
2022-11-10 02:11:00,11.9
2022-11-10 02:12:00,12.0
2022-11-10 02:13:00,12.0
2022-11-10 02:14:00,12.0
2022-11-10 02:15:00,11.8
2022-11-10 02:16:00,11.9
2022-11-10 02:17:00,11.8
2022-11-10 02:18:00,11.8
2022-11-10 02:19:00,11.8
2022-11-10 02:20:00,11.9
2022-11-10 02:21:00,11.8
2022-11-10 02:22:00,11.8
2022-11-10 02:23:00,11.9
2022-11-10 02:24:00,11.9
2022-11-10 02:25:00,11.8
2022-11-10 02:26:00,11.8
2022-11-10 02:27:00,11.9
2022-11-10 02:28:00,11.8
2022-11-10 02:29:00,11.9
2022-11-10 02:30:00,11.9
2022-11-10 02:31:00,11.8
2022-11-10 02:32:00,11.9
2022-11-10 02:33:00,11.7
2022-11-10 02:34:00,11.7
2022-11-10 02:35:00,11.8
2022-11-10 02:36:00,11.7
2022-11-10 02:37:00,11.8
2022-11-10 02:38:00,11.8
2022-11-10 02:39:00,11.8
2022-11-10 02:40:00,11.8
2022-11-10 02:41:00,11.8
2022-11-10 02:42:00,11.8
2022-11-10 02:43:00,11.8
2022-11-10 02:44:00,11.8
2022-11-10 02:45:00,11.8
2022-11-10 02:46:00,11.8
2022-11-10 02:47:00,11.8
2022-11-10 02:48:00,11.8
2022-11-10 02:49:00,11.8
2022-11-10 02:50:00,11.8
2022-11-10 02:51:00,11.8
2022-11-10 02:52:00,11.7
2022-11-10 02:53:00,11.8
2022-11-10 02:54:00,11.7
2022-11-10 02:55:00,11.7
2022-11-10 02:56:00,11.7
2022-11-10 02:57:00,11.7
2022-11-10 02:58:00,11.7
2022-11-10 02:59:00,11.7
2022-11-10 03:00:00,11.7
2022-11-10 03:01:00,11.6
2022-11-10 03:02:00,11.7
2022-11-10 03:03:00,11.6
2022-11-10 03:04:00,11.7
2022-11-10 03:05:00,11.7
2022-11-10 03:06:00,11.6
2022-11-10 03:07:00,11.7
2022-11-10 03:08:00,11.6
2022-11-10 03:09:00,11.7
2022-11-10 03:10:00,11.7
2022-11-10 03:11:00,11.7
2022-11-10 03:12:00,11.7
2022-11-10 03:13:00,11.7
2022-11-10 03:14:00,11.7
2022-11-10 03:15:00,11.7
2022-11-10 03:16:00,11.7
2022-11-10 03:17:00,11.7
2022-11-10 03:18:00,11.6
2022-11-10 03:19:00,11.6
2022-11-10 03:20:00,11.6
2022-11-10 03:21:00,11.6
2022-11-10 03:22:00,11.6
2022-11-10 03:23:00,11.6
2022-11-10 03:24:00,11.6
2022-11-10 03:25:00,11.6
2022-11-10 03:26:00,11.6
2022-11-10 03:27:00,11.5
2022-11-10 03:28:00,11.6
2022-11-10 03:29:00,11.6
2022-11-10 03:30:00,11.6
2022-11-10 03:31:00,11.6
2022-11-10 03:32:00,11.6
2022-11-10 03:33:00,11.6
2022-11-10 03:34:00,11.6
2022-11-10 03:35:00,11.6
2022-11-10 03:36:00,11.6
2022-11-10 03:37:00,11.7
2022-11-10 03:38:00,11.6
2022-11-10 03:39:00,11.6
2022-11-10 03:40:00,11.6
2022-11-10 03:41:00,11.6
2022-11-10 03:42:00,11.6
2022-11-10 03:43:00,11.5
2022-11-10 03:44:00,11.5
2022-11-10 03:45:00,11.5
2022-11-10 03:46:00,11.5
2022-11-10 03:47:00,11.5
2022-11-10 03:48:00,11.5
2022-11-10 03:49:00,11.5
2022-11-10 03:50:00,11.5
2022-11-10 03:51:00,11.5
2022-11-10 03:52:00,11.5
2022-11-10 03:53:00,11.5
2022-11-10 03:54:00,11.5
2022-11-10 03:55:00,11.5
2022-11-10 03:56:00,11.5
2022-11-10 03:57:00,11.5
2022-11-10 03:58:00,11.5
2022-11-10 03:59:00,11.5
2022-11-10 04:00:00,11.5
2022-11-10 04:01:00,11.5
2022-11-10 04:02:00,11.5
2022-11-10 04:03:00,11.5
2022-11-10 04:04:00,11.5
2022-11-10 04:05:00,11.5
2022-11-10 04:06:00,11.5
2022-11-10 04:07:00,11.5
2022-11-10 04:08:00,11.5
2022-11-10 04:09:00,11.5
2022-11-10 04:10:00,11.5
2022-11-10 04:11:00,11.5
2022-11-10 04:12:00,11.4
2022-11-10 04:13:00,11.4
2022-11-10 04:14:00,11.4
2022-11-10 04:15:00,11.4
2022-11-10 04:16:00,11.4
2022-11-10 04:17:00,11.4
2022-11-10 04:18:00,11.4
2022-11-10 04:19:00,11.4
2022-11-10 04:20:00,11.4
2022-11-10 04:21:00,11.4
2022-11-10 04:22:00,11.4
2022-11-10 04:23:00,11.4
2022-11-10 04:24:00,11.4
2022-11-10 04:25:00,11.4
2022-11-10 04:26:00,11.4
2022-11-10 04:27:00,11.4
2022-11-10 04:28:00,11.4
2022-11-10 04:29:00,11.4
2022-11-10 04:30:00,11.4
2022-11-10 04:31:00,11.4
2022-11-10 04:32:00,11.4
2022-11-10 04:33:00,11.4
2022-11-10 04:34:00,11.4
2022-11-10 04:35:00,11.3
2022-11-10 04:36:00,11.4
2022-11-10 04:37:00,11.4
2022-11-10 04:38:00,11.3
2022-11-10 04:39:00,11.4
2022-11-10 04:40:00,11.4
2022-11-10 04:41:00,11.3
2022-11-10 04:42:00,11.3
2022-11-10 04:43:00,11.3
2022-11-10 04:44:00,11.3
2022-11-10 04:45:00,11.3
2022-11-10 04:46:00,11.3
2022-11-10 04:47:00,11.3
2022-11-10 04:48:00,11.3
2022-11-10 04:49:00,11.3
2022-11-10 04:50:00,11.3
2022-11-10 04:51:00,11.3
2022-11-10 04:52:00,11.2
2022-11-10 04:53:00,11.3
2022-11-10 04:54:00,11.2
2022-11-10 04:55:00,11.3
2022-11-10 04:56:00,11.2
2022-11-10 04:57:00,11.3
2022-11-10 04:58:00,11.2
2022-11-10 04:59:00,11.2
2022-11-10 05:00:00,11.2
2022-11-10 05:01:00,11.3
2022-11-10 05:02:00,11.2
2022-11-10 05:03:00,11.2
2022-11-10 05:04:00,11.2
2022-11-10 05:05:00,11.2
2022-11-10 05:06:00,11.2
2022-11-10 05:07:00,11.3
2022-11-10 05:08:00,11.3
2022-11-10 05:09:00,11.2
2022-11-10 05:10:00,11.2
2022-11-10 05:11:00,11.1
2022-11-10 05:12:00,11.1
2022-11-10 05:13:00,11.2
2022-11-10 05:14:00,11.2
2022-11-10 05:15:00,11.2
2022-11-10 05:16:00,11.2
2022-11-10 05:17:00,11.2
2022-11-10 05:18:00,11.2
2022-11-10 05:19:00,11.2
2022-11-10 05:20:00,11.2
2022-11-10 05:21:00,11.2
2022-11-10 05:22:00,11.2
2022-11-10 05:23:00,11.1
2022-11-10 05:24:00,11.2
2022-11-10 05:25:00,11.1
2022-11-10 05:26:00,11.2
2022-11-10 05:27:00,11.2
2022-11-10 05:28:00,11.2
2022-11-10 05:29:00,11.2
2022-11-10 05:30:00,11.1
2022-11-10 05:31:00,11.2
2022-11-10 05:32:00,11.2
2022-11-10 05:33:00,11.2
2022-11-10 05:34:00,11.2
2022-11-10 05:35:00,11.1
2022-11-10 05:36:00,11.1
2022-11-10 05:37:00,11.1
2022-11-10 05:38:00,11.1
2022-11-10 05:39:00,11.1
2022-11-10 05:40:00,11.1
2022-11-10 05:41:00,11.0
2022-11-10 05:42:00,11.1
2022-11-10 05:43:00,11.1
2022-11-10 05:44:00,11.1
2022-11-10 05:45:00,11.1
2022-11-10 05:46:00,11.2
2022-11-10 05:47:00,11.1
2022-11-10 05:48:00,11.1
2022-11-10 05:49:00,11.1
2022-11-10 05:50:00,11.1
2022-11-10 05:51:00,11.1
2022-11-10 05:52:00,11.1
2022-11-10 05:53:00,11.1
2022-11-10 05:54:00,11.1
2022-11-10 05:55:00,11.1
2022-11-10 05:56:00,11.1
2022-11-10 05:57:00,11.2
2022-11-10 05:58:00,11.1
2022-11-10 05:59:00,11.1
2022-11-10 06:00:00,11.1
2022-11-10 06:01:00,11.1
2022-11-10 06:02:00,11.1
2022-11-10 06:03:00,11.1
2022-11-10 06:04:00,11.2
2022-11-10 06:05:00,11.1
2022-11-10 06:06:00,11.1
2022-11-10 06:07:00,11.1
2022-11-10 06:08:00,11.1
2022-11-10 06:09:00,11.1
2022-11-10 06:10:00,11.1
2022-11-10 06:11:00,11.2
2022-11-10 06:12:00,11.1
2022-11-10 06:13:00,11.1
2022-11-10 06:14:00,11.0
2022-11-10 06:15:00,11.0
2022-11-10 06:16:00,11.0
2022-11-10 06:17:00,11.0
2022-11-10 06:18:00,11.0
2022-11-10 06:19:00,11.1
2022-11-10 06:20:00,11.0
2022-11-10 06:21:00,11.0
2022-11-10 06:22:00,11.1
2022-11-10 06:23:00,11.1
2022-11-10 06:24:00,11.0
2022-11-10 06:25:00,11.0
2022-11-10 06:26:00,11.0
2022-11-10 06:27:00,11.0
2022-11-10 06:28:00,11.1
2022-11-10 06:29:00,11.0
2022-11-10 06:30:00,11.0
2022-11-10 06:31:00,11.0
2022-11-10 06:32:00,11.0
2022-11-10 06:33:00,11.0
2022-11-10 06:34:00,11.0
2022-11-10 06:35:00,11.0
2022-11-10 06:36:00,11.0
2022-11-10 06:37:00,11.0
2022-11-10 06:38:00,11.0
2022-11-10 06:39:00,11.0
2022-11-10 06:40:00,11.0
2022-11-10 06:41:00,11.0
2022-11-10 06:42:00,11.0
2022-11-10 06:43:00,11.0
2022-11-10 06:44:00,11.0
2022-11-10 06:45:00,11.0
2022-11-10 06:46:00,11.0
2022-11-10 06:47:00,11.1
2022-11-10 06:48:00,11.0
2022-11-10 06:49:00,11.1
2022-11-10 06:50:00,11.1
2022-11-10 06:51:00,11.0
2022-11-10 06:52:00,11.0
2022-11-10 06:53:00,11.0
2022-11-10 06:54:00,11.0
2022-11-10 06:55:00,11.0
2022-11-10 06:56:00,11.0
2022-11-10 06:57:00,11.0
2022-11-10 06:58:00,11.0
2022-11-10 06:59:00,11.0
2022-11-10 07:00:00,11.0
2022-11-10 07:01:00,11.0
2022-11-10 07:02:00,11.0
2022-11-10 07:03:00,11.0
2022-11-10 07:04:00,11.0
2022-11-10 07:05:00,11.0
2022-11-10 07:06:00,11.0
2022-11-10 07:07:00,11.0
2022-11-10 07:08:00,11.0
2022-11-10 07:09:00,11.0
2022-11-10 07:10:00,11.0
2022-11-10 07:11:00,11.0
2022-11-10 07:12:00,11.0
2022-11-10 07:13:00,10.9
2022-11-10 07:14:00,10.9
2022-11-10 07:15:00,10.9
2022-11-10 07:16:00,10.9
2022-11-10 07:17:00,10.9
2022-11-10 07:18:00,10.9
2022-11-10 07:19:00,10.9
2022-11-10 07:20:00,10.9
2022-11-10 07:21:00,10.9
2022-11-10 07:22:00,10.9
2022-11-10 07:23:00,10.9
2022-11-10 07:24:00,10.9
2022-11-10 07:25:00,10.9
2022-11-10 07:26:00,10.9
2022-11-10 07:27:00,10.9
2022-11-10 07:28:00,10.9
2022-11-10 07:29:00,10.9
2022-11-10 07:30:00,10.9
2022-11-10 07:31:00,10.9
2022-11-10 07:32:00,10.9
2022-11-10 07:33:00,10.9
2022-11-10 07:34:00,10.8
2022-11-10 07:35:00,10.9
2022-11-10 07:36:00,10.9
2022-11-10 07:37:00,10.9
2022-11-10 07:38:00,10.9
2022-11-10 07:39:00,10.9
2022-11-10 07:40:00,10.8
2022-11-10 07:41:00,10.9
2022-11-10 07:42:00,10.9
2022-11-10 07:43:00,10.9
2022-11-10 07:44:00,10.9
2022-11-10 07:45:00,10.9
2022-11-10 07:46:00,10.9
2022-11-10 07:47:00,10.9
2022-11-10 07:48:00,10.9
2022-11-10 07:49:00,11.0
2022-11-10 07:50:00,10.9
2022-11-10 07:51:00,10.9
2022-11-10 07:52:00,10.9
2022-11-10 07:53:00,10.9
2022-11-10 07:54:00,10.9
2022-11-10 07:55:00,10.9
2022-11-10 07:56:00,10.9
2022-11-10 07:57:00,10.9
2022-11-10 07:58:00,10.9
2022-11-10 07:59:00,10.9
2022-11-10 08:00:00,10.9
