MeasureTime,HeatFlow
11/9/2022 6:00,-1617.68
11/9/2022 6:01,-1685.14
11/9/2022 6:02,-1583.54
11/9/2022 6:03,-1617.68
11/9/2022 6:04,-1617.68
11/9/2022 6:05,-1617.68
11/9/2022 6:06,-1583.54
11/9/2022 6:07,-1583.54
11/9/2022 6:08,-1617.68
11/9/2022 6:09,-1617.68
11/9/2022 6:10,-1583.54
11/9/2022 6:11,-1617.68
11/9/2022 6:12,-1617.68
11/9/2022 6:13,-1617.68
11/9/2022 6:14,-1651.85
11/9/2022 6:15,-1617.68
11/9/2022 6:16,-1583.54
11/9/2022 6:17,-1618.53
11/9/2022 6:18,-1651.85
11/9/2022 6:19,-1617.68
11/9/2022 6:20,-1616.84
11/9/2022 6:21,-1616.84
11/9/2022 6:22,-1582.72
11/9/2022 6:23,-1582.72
11/9/2022 6:24,-1616.84
11/9/2022 6:25,-1650.12
11/9/2022 6:26,-1582.72
11/9/2022 6:27,-1616.84
11/9/2022 6:28,-1616.84
11/9/2022 6:29,-1616.84
11/9/2022 6:30,-1650.98
11/9/2022 6:31,-1616.84
11/9/2022 6:32,-1549.42
11/9/2022 6:33,-1582.72
11/9/2022 6:34,-1582.72
11/9/2022 6:35,-1616.84
11/9/2022 6:36,-1650.98
11/9/2022 6:37,-1616.84
11/9/2022 6:38,-1616.84
11/9/2022 6:39,-1650.98
11/9/2022 6:40,-1548.62
11/9/2022 6:41,-1616
11/9/2022 6:42,-1581.91
11/9/2022 6:43,-1616
11/9/2022 6:44,-1650.12
11/9/2022 6:45,-1616
11/9/2022 6:46,-1616
11/9/2022 6:47,-1581.91
11/9/2022 6:48,-1616
11/9/2022 6:49,-1616
11/9/2022 6:50,-1616
11/9/2022 6:51,-1616
11/9/2022 6:52,-1616
11/9/2022 6:53,-1581.91
11/9/2022 6:54,-1581.91
11/9/2022 6:55,-1582.72
11/9/2022 6:56,-1548.62
11/9/2022 6:57,-1616.84
11/9/2022 6:58,-1583.54
11/9/2022 6:59,-1549.42
11/9/2022 7:00,-1549.42
11/9/2022 7:01,-1547.83
11/9/2022 7:02,-1581.91
11/9/2022 7:03,-1547.83
11/9/2022 7:04,-1615.17
11/9/2022 7:05,-1581.91
11/9/2022 7:06,-1581.91
11/9/2022 7:07,-1581.91
11/9/2022 7:08,-1616
11/9/2022 7:09,-1581.91
11/9/2022 7:10,-1547.83
11/9/2022 7:11,-1616
11/9/2022 7:12,-1650.12
11/9/2022 7:13,-1616
11/9/2022 7:14,-1581.91
11/9/2022 7:15,-1581.91
11/9/2022 7:16,-1547.83
11/9/2022 7:17,-1615.17
11/9/2022 7:18,-1615.17
11/9/2022 7:19,-1616
11/9/2022 7:20,-1547.83
11/9/2022 7:21,-1616
11/9/2022 7:22,-1581.1
11/9/2022 7:23,-1513.77
11/9/2022 7:24,-1581.1
11/9/2022 7:25,-1615.17
11/9/2022 7:26,-1581.1
11/9/2022 7:27,-1581.1
11/9/2022 7:28,-1547.04
11/9/2022 7:29,-1581.1
11/9/2022 7:30,-1581.1
11/9/2022 7:31,-1615.17
11/9/2022 7:32,-1547.04
11/9/2022 7:33,-1547.83
11/9/2022 7:34,-1581.1
11/9/2022 7:35,-1547.04
11/9/2022 7:36,-1615.17
11/9/2022 7:37,-1581.1
11/9/2022 7:38,-1547.83
11/9/2022 7:39,-1547.83
11/9/2022 7:40,-1547.83
11/9/2022 7:41,-1547.83
11/9/2022 7:42,-1547.83
11/9/2022 7:43,-1615.17
11/9/2022 7:44,-1615.17
11/9/2022 7:45,-1614.35
11/9/2022 7:46,-1580.29
11/9/2022 7:47,-1547.04
11/9/2022 7:48,-1547.04
11/9/2022 7:49,-1547.04
11/9/2022 7:50,-1547.04
11/9/2022 7:51,-1513.77
11/9/2022 7:52,-1581.91
11/9/2022 7:53,-1548.62
11/9/2022 7:54,-1547.83
11/9/2022 7:55,-1581.91
11/9/2022 7:56,-1547.83
11/9/2022 7:57,-1547.83
11/9/2022 7:58,-1513.77
11/9/2022 7:59,-1547.83
11/9/2022 8:00,-1547.83
11/9/2022 8:01,-1547.83
11/9/2022 8:02,-1547.83
11/9/2022 8:03,-1513.77
11/9/2022 8:04,-1547.83
11/9/2022 8:05,-1547.83
11/9/2022 8:06,-1581.91
11/9/2022 8:07,-1547.83
11/9/2022 8:08,-1514.54
11/9/2022 8:09,-1514.54
11/9/2022 8:10,-1547.83
11/9/2022 8:11,-1547.83
11/9/2022 8:12,-1514.54
11/9/2022 8:13,-1480.49
11/9/2022 8:14,-1447.19
11/9/2022 8:15,-1447.94
11/9/2022 8:16,-1380.55
11/9/2022 8:17,-1381.27
11/9/2022 8:18,-1279.82
11/9/2022 8:19,-1280.48
11/9/2022 8:20,-1247.1
11/9/2022 8:21,-1213.69
11/9/2022 8:22,-1214.34
11/9/2022 8:23,-1181.53
11/9/2022 8:24,-1148.07
11/9/2022 8:25,-1114.59
11/9/2022 8:26,-1115.19
11/9/2022 8:27,-1081.68
11/9/2022 8:28,-1014.05
11/9/2022 8:29,-946.95
11/9/2022 8:30,-947.47
11/9/2022 8:31,-981.59
11/9/2022 8:32,-880.26
11/9/2022 8:33,-880.76
11/9/2022 8:34,-847.11
11/9/2022 8:35,-779.33
11/9/2022 8:36,-746.92
11/9/2022 8:37,-679.4
11/9/2022 8:38,-611.81
11/9/2022 8:39,-544.14
11/9/2022 8:40,-476.68
11/9/2022 8:41,-409.07
11/9/2022 8:42,-272.88
11/9/2022 8:43,-170.81
11/9/2022 8:44,-68.39
11/9/2022 8:45,34.23
11/9/2022 8:46,102.81
11/9/2022 8:47,102.94
11/9/2022 8:48,206.09
11/9/2022 8:49,309.44
11/9/2022 8:50,413
11/9/2022 8:51,447.87
11/9/2022 8:52,551.8
11/9/2022 8:53,587.31
11/9/2022 8:54,656.87
11/9/2022 8:55,726.54
11/9/2022 8:56,727.05
11/9/2022 8:57,796.88
11/9/2022 8:58,833.04
11/9/2022 8:59,868.07
11/9/2022 9:00,833.65
11/9/2022 9:01,903.8
11/9/2022 9:02,938.92
11/9/2022 9:03,1010
11/9/2022 9:04,1045.24
11/9/2022 9:05,1115.8
11/9/2022 9:06,1151.12
11/9/2022 9:07,1187.38
11/9/2022 9:08,1293.72
11/9/2022 9:09,1364.76
11/9/2022 9:10,1365.83
11/9/2022 9:11,1330.26
11/9/2022 9:12,1330.26
11/9/2022 9:13,1401.43
11/9/2022 9:14,1402.54
11/9/2022 9:15,1224.7
11/9/2022 9:16,1082.98
11/9/2022 9:17,1190.15
11/9/2022 9:18,1403.66
11/9/2022 9:19,1368
11/9/2022 9:20,1013.87
11/9/2022 9:21,731.86
11/9/2022 9:22,1049.25
11/9/2022 9:23,1405.93
11/9/2022 9:24,1513.32
11/9/2022 9:25,1549.18
11/9/2022 9:26,1264.22
11/9/2022 9:27,1086.37
11/9/2022 9:28,980.04
11/9/2022 9:29,1121.88
11/9/2022 9:30,1264.22
11/9/2022 9:31,1372.43
11/9/2022 9:32,1265.24
11/9/2022 9:33,910.01
11/9/2022 9:34,804.67
11/9/2022 9:35,1053.41
11/9/2022 9:36,1230.57
11/9/2022 9:37,1195.88
11/9/2022 9:38,1410.56
11/9/2022 9:39,1374.7
11/9/2022 9:40,1447.67
11/9/2022 9:41,1627.85
11/9/2022 9:42,1881.61
11/9/2022 9:43,2029.24
11/9/2022 9:44,1919.7
11/9/2022 9:45,1378.16
11/9/2022 9:46,1020.35
11/9/2022 9:47,1198.84
11/9/2022 9:48,1487.44
11/9/2022 9:49,1630.66
11/9/2022 9:50,1706.12
11/9/2022 9:51,1996.27
11/9/2022 9:52,1886.61
11/9/2022 9:53,1669.79
11/9/2022 9:54,1597.26
11/9/2022 9:55,1633.51
11/9/2022 9:56,1963.23
11/9/2022 9:57,2257.72
11/9/2022 9:58,2482.71
11/9/2022 9:59,2520.01
11/9/2022 10:00,2747.45
11/9/2022 10:01,2898.38
11/9/2022 10:02,2974.13
11/9/2022 10:03,2977.15
11/9/2022 10:04,2524.91
11/9/2022 10:05,1972.34
11/9/2022 10:06,1750.35
11/9/2022 10:07,1715.37
11/9/2022 10:08,1605.83
11/9/2022 10:09,1244.23
11/9/2022 10:10,956.36
11/9/2022 10:11,812.55
11/9/2022 10:12,813.24
11/9/2022 10:13,777.54
11/9/2022 10:14,635.61
11/9/2022 10:15,528.56
11/9/2022 10:16,422.66
11/9/2022 10:17,386.96
11/9/2022 10:18,386.96
11/9/2022 10:19,528.56
11/9/2022 10:20,599.54
11/9/2022 10:21,635.61
11/9/2022 10:22,600.04
11/9/2022 10:23,528.99
11/9/2022 10:24,600.04
11/9/2022 10:25,742.51
11/9/2022 10:26,777.54
11/9/2022 10:27,706.84
11/9/2022 10:28,635.61
11/9/2022 10:29,635.61
11/9/2022 10:30,742.51
11/9/2022 10:31,1100.98
11/9/2022 10:32,1390.27
11/9/2022 10:33,1462.95
11/9/2022 10:34,1756.87
11/9/2022 10:35,2014.97
11/9/2022 10:36,2237.84
11/9/2022 10:37,2275.14
11/9/2022 10:38,2167.63
11/9/2022 10:39,1907.76
11/9/2022 10:40,1760.19
11/9/2022 10:41,1504.9
11/9/2022 10:42,1358.93
11/9/2022 10:43,1395.36
11/9/2022 10:44,1321.32
11/9/2022 10:45,1177.31
11/9/2022 10:46,1178.38
11/9/2022 10:47,1579.62
11/9/2022 10:48,1691.49
11/9/2022 10:49,1763.57
11/9/2022 10:50,1728.36
11/9/2022 10:51,1507.74
11/9/2022 10:52,1252.15
11/9/2022 10:53,1071.69
11/9/2022 10:54,927.05
11/9/2022 10:55,818.21
11/9/2022 10:56,747.04
11/9/2022 10:57,854.18
11/9/2022 10:58,926.21
11/9/2022 10:59,999.3
11/9/2022 11:00,999.3
11/9/2022 11:01,1035.47
11/9/2022 11:02,1218.05
11/9/2022 11:03,1290.96
11/9/2022 11:04,1364.02
11/9/2022 11:05,1438.62
11/9/2022 11:06,1401.95
11/9/2022 11:07,2277.95
11/9/2022 11:08,2277.95
11/9/2022 11:09,2169.99
11/9/2022 11:10,2135.29
11/9/2022 11:11,2139.13
11/9/2022 11:12,2175.84
11/9/2022 11:13,2212.59
11/9/2022 11:14,2177.82
11/9/2022 11:15,2143.03
11/9/2022 11:16,2106.28
11/9/2022 11:17,2106.28
11/9/2022 11:18,2069.57
11/9/2022 11:19,2071.46
11/9/2022 11:20,2071.46
11/9/2022 11:21,2034.75
11/9/2022 11:22,2034.75
11/9/2022 11:23,2069.57
11/9/2022 11:24,2071.46
11/9/2022 11:25,2108.21
11/9/2022 11:26,2110.15
11/9/2022 11:27,2108.21
11/9/2022 11:28,2073.36
11/9/2022 11:29,2145
11/9/2022 11:30,2108.21
11/9/2022 11:31,2110.15
11/9/2022 11:32,2110.15
11/9/2022 11:33,2073.36
11/9/2022 11:34,2036.61
11/9/2022 11:35,1999.9
11/9/2022 11:36,1999.9
11/9/2022 11:37,2001.74
11/9/2022 11:38,1965.03
11/9/2022 11:39,1965.03
11/9/2022 11:40,1928.36
11/9/2022 11:41,1928.36
11/9/2022 11:42,1928.36
11/9/2022 11:43,1966.84
11/9/2022 11:44,2003.58
11/9/2022 11:45,2003.58
11/9/2022 11:46,2040.37
11/9/2022 11:47,2077.21
11/9/2022 11:48,2077.21
11/9/2022 11:49,2042.28
11/9/2022 11:50,2042.28
11/9/2022 11:51,2114.08
11/9/2022 11:52,2114.08
11/9/2022 11:53,2114.08
11/9/2022 11:54,2116.06
11/9/2022 11:55,2116.06
11/9/2022 11:56,2042.28
11/9/2022 11:57,1968.66
11/9/2022 11:58,1931.91
11/9/2022 11:59,1968.66
11/9/2022 12:00,1933.7
11/9/2022 12:01,1970.49
11/9/2022 12:02,2007.32
11/9/2022 12:03,2007.32
11/9/2022 12:04,2042.28
11/9/2022 12:05,2044.2
11/9/2022 12:06,2044.2
11/9/2022 12:07,2044.2
11/9/2022 12:08,2007.32
11/9/2022 12:09,2044.2
11/9/2022 12:10,2081.11
11/9/2022 12:11,2083.08
11/9/2022 12:12,2083.08
11/9/2022 12:13,2083.08
11/9/2022 12:14,2083.08
11/9/2022 12:15,2081.11
11/9/2022 12:16,2085.07
11/9/2022 12:17,2048.07
11/9/2022 12:18,2120.08
11/9/2022 12:19,2120.08
11/9/2022 12:20,2120.08
11/9/2022 12:21,2157.12
11/9/2022 12:22,2159.19
11/9/2022 12:23,2196.31
11/9/2022 12:24,2196.31
11/9/2022 12:25,2233.48
11/9/2022 12:26,2233.48
11/9/2022 12:27,2272.91
11/9/2022 12:28,2235.65
11/9/2022 12:29,2233.48
11/9/2022 12:30,2233.48
11/9/2022 12:31,2233.48
11/9/2022 12:32,2198.44
11/9/2022 12:33,2198.44
11/9/2022 12:34,2198.44
11/9/2022 12:35,2198.44
11/9/2022 12:36,2270.69
11/9/2022 12:37,2347.55
11/9/2022 12:38,2422.36
11/9/2022 12:39,2497.36
11/9/2022 12:40,2497.36
11/9/2022 12:41,2534.93
11/9/2022 12:42,2575.14
11/9/2022 12:43,2650.61
11/9/2022 12:44,2650.61
11/9/2022 12:45,2726.26
11/9/2022 12:46,2726.26
11/9/2022 12:47,2767.02
11/9/2022 12:48,2767.02
11/9/2022 12:49,2764.16
11/9/2022 12:50,2764.16
11/9/2022 12:51,2764.16
11/9/2022 12:52,2805.01
11/9/2022 12:53,2805.01
11/9/2022 12:54,2843.06
11/9/2022 12:55,2843.06
11/9/2022 12:56,2884.18
11/9/2022 12:57,2884.18
11/9/2022 12:58,2919.3
11/9/2022 12:59,2957.5
11/9/2022 13:00,2960.63
11/9/2022 13:01,2998.93
11/9/2022 13:02,3037.28
11/9/2022 13:03,3037.28
11/9/2022 13:04,3075.68
11/9/2022 13:05,3075.68
11/9/2022 13:06,3075.68
11/9/2022 13:07,3075.68
11/9/2022 13:08,3078.98
11/9/2022 13:09,3040.53
11/9/2022 13:10,3040.53
11/9/2022 13:11,3078.98
11/9/2022 13:12,3156.05
11/9/2022 13:13,3156.05
11/9/2022 13:14,3156.05
11/9/2022 13:15,3117.49
11/9/2022 13:16,3082.31
11/9/2022 13:17,3156.05
11/9/2022 13:18,3194.66
11/9/2022 13:19,3156.05
11/9/2022 13:20,3159.49
11/9/2022 13:21,3159.49
11/9/2022 13:22,3198.15
11/9/2022 13:23,3272.05
11/9/2022 13:24,3236.87
11/9/2022 13:25,3275.65
11/9/2022 13:26,3236.87
11/9/2022 13:27,3198.15
11/9/2022 13:28,3198.15
11/9/2022 13:29,3198.15
11/9/2022 13:30,3198.15
11/9/2022 13:31,3198.15
11/9/2022 13:32,3236.87
11/9/2022 13:33,3201.67
11/9/2022 13:34,3201.67
11/9/2022 13:35,3198.15
11/9/2022 13:36,3198.15
11/9/2022 13:37,3198.15
11/9/2022 13:38,3240.44
11/9/2022 13:39,3198.15
11/9/2022 13:40,3082.31
11/9/2022 13:41,3043.81
11/9/2022 13:42,3043.81
11/9/2022 13:43,3085.67
11/9/2022 13:44,3085.67
11/9/2022 13:45,3047.11
11/9/2022 13:46,2966.95
11/9/2022 13:47,2966.95
11/9/2022 13:48,2966.95
11/9/2022 13:49,3008.6
11/9/2022 13:50,2970.15
11/9/2022 13:51,2893.39
11/9/2022 13:52,2775.71
11/9/2022 13:53,2699.57
11/9/2022 13:54,2775.71
11/9/2022 13:55,2813.86
11/9/2022 13:56,2702.41
11/9/2022 13:57,2626.37
11/9/2022 13:58,2661.57
11/9/2022 13:59,2588.42
11/9/2022 14:00,2510.07
11/9/2022 14:01,2321.76
11/9/2022 14:02,2209.33
11/9/2022 14:03,2060.05
11/9/2022 14:04,2022.84
11/9/2022 14:05,1985.67
11/9/2022 14:06,1985.67
11/9/2022 14:07,2020.85
11/9/2022 14:08,2020.85
11/9/2022 14:09,2058.02
11/9/2022 14:10,2020.85
11/9/2022 14:11,1946.65
11/9/2022 14:12,1835.66
11/9/2022 14:13,1798.75
11/9/2022 14:14,1761.87
11/9/2022 14:15,1688.25
11/9/2022 14:16,1614.8
11/9/2022 14:17,1651.51
11/9/2022 14:18,1614.8
11/9/2022 14:19,1614.8
11/9/2022 14:20,1651.51
11/9/2022 14:21,1688.25
11/9/2022 14:22,1688.25
11/9/2022 14:23,1725.04
11/9/2022 14:24,1725.04
11/9/2022 14:25,1761.87
11/9/2022 14:26,1760.19
11/9/2022 14:27,1760.19
11/9/2022 14:28,1833.89
11/9/2022 14:29,1907.76
11/9/2022 14:30,1981.8
11/9/2022 14:31,2242.27
11/9/2022 14:32,2432.12
11/9/2022 14:33,2583.05
11/9/2022 14:34,2658.8
11/9/2022 14:35,2583.05
11/9/2022 14:36,2432.12
11/9/2022 14:37,2504.93
11/9/2022 14:38,2580.4
11/9/2022 14:39,2467.27
11/9/2022 14:40,2467.27
11/9/2022 14:41,2618.2
11/9/2022 14:42,2696.75
11/9/2022 14:43,2887.23
11/9/2022 14:44,3002.13
11/9/2022 14:45,3117.49
11/9/2022 14:46,3233.33
11/9/2022 14:47,3310.83
11/9/2022 14:48,3349.66
11/9/2022 14:49,3310.83
11/9/2022 14:50,3349.66
11/9/2022 14:51,3349.66
11/9/2022 14:52,3310.83
11/9/2022 14:53,3310.83
11/9/2022 14:54,3194.66
11/9/2022 14:55,2963.78
11/9/2022 14:56,3043.81
11/9/2022 14:57,3082.31
11/9/2022 14:58,3120.87
11/9/2022 14:59,3120.87
11/9/2022 15:00,3120.87
11/9/2022 15:01,3043.81
11/9/2022 15:02,3043.81
11/9/2022 15:03,2966.95
11/9/2022 15:04,2966.95
11/9/2022 15:05,2890.3
11/9/2022 15:06,2852.05
11/9/2022 15:07,2813.86
11/9/2022 15:08,2775.71
11/9/2022 15:09,2737.62
11/9/2022 15:10,2699.57
11/9/2022 15:11,2626.37
11/9/2022 15:12,2623.62
11/9/2022 15:13,2731.9
11/9/2022 15:14,2343.65
11/9/2022 15:15,2165.96
11/9/2022 15:16,1989.68
11/9/2022 15:17,1810.19
11/9/2022 15:18,1740.13
11/9/2022 15:19,1705.98
11/9/2022 15:20,1707.94
11/9/2022 15:21,1593.66
11/9/2022 15:22,1519.44
11/9/2022 15:23,1292.48
11/9/2022 15:24,1143.38
11/9/2022 15:25,1293.94
11/9/2022 15:26,1293.94
11/9/2022 15:27,1331.69
11/9/2022 15:28,1293.94
11/9/2022 15:29,1331.69
11/9/2022 15:30,1256.23
11/9/2022 15:31,1144.66
11/9/2022 15:32,994.67
11/9/2022 15:33,919.94
11/9/2022 15:34,918.93
11/9/2022 15:35,881.67
11/9/2022 15:36,807.3
11/9/2022 15:37,807.3
11/9/2022 15:38,808.18
11/9/2022 15:39,845.39
11/9/2022 15:40,882.64
11/9/2022 15:41,882.64
11/9/2022 15:42,882.64
11/9/2022 15:43,882.64
11/9/2022 15:44,845.39
11/9/2022 15:45,2159.19
11/9/2022 15:46,2124.15
11/9/2022 15:47,1941.02
11/9/2022 15:48,1904.11
11/9/2022 15:49,1937.33
11/9/2022 15:50,1935.51
11/9/2022 15:51,1265.43
11/9/2022 15:52,1122.96
11/9/2022 15:53,1014.74
11/9/2022 15:54,1015.77
11/9/2022 15:55,944.14
11/9/2022 15:56,799.66
11/9/2022 15:57,690.95
11/9/2022 15:58,1828.68
11/9/2022 15:59,1826.97
11/9/2022 16:00,1367.94
11/9/2022 16:01,1048.38
11/9/2022 16:02,904.62
11/9/2022 16:03,796.43
11/9/2022 16:04,724
11/9/2022 16:05,616.31
11/9/2022 16:06,544.35
11/9/2022 16:07,1573.71
11/9/2022 16:08,1186.12
11/9/2022 16:09,829.76
11/9/2022 16:10,1572.26
11/9/2022 16:11,1500.72
11/9/2022 16:12,1429.2
11/9/2022 16:13,1321.32
11/9/2022 16:14,1284.99
11/9/2022 16:15,1212.45
11/9/2022 16:16,1177.31
11/9/2022 16:17,1068.77
11/9/2022 16:18,1032.67
11/9/2022 16:19,996.59
11/9/2022 16:20,995.71
11/9/2022 16:21,923.74
11/9/2022 16:22,851.91
11/9/2022 16:23,851.91
11/9/2022 16:24,816.05
11/9/2022 16:25,816.05
11/9/2022 16:26,744.42
11/9/2022 16:27,708.66
11/9/2022 16:28,708.05
11/9/2022 16:29,460.8
11/9/2022 16:30,354.92
11/9/2022 16:31,177.69
11/9/2022 16:32,71.17
11/9/2022 16:33,-35.63
11/9/2022 16:34,-71.3
11/9/2022 16:35,-142.73
11/9/2022 16:36,-214.09
11/9/2022 16:37,-249.89
11/9/2022 16:38,-285.72
11/9/2022 16:39,-249.89
11/9/2022 16:40,-321.29
11/9/2022 16:41,-321.29
11/9/2022 16:42,-356.82
11/9/2022 16:43,-356.82
11/9/2022 16:44,-392.33
11/9/2022 16:45,-392.33
11/9/2022 16:46,-392.33
11/9/2022 16:47,-428.19
11/9/2022 16:48,-428.19
11/9/2022 16:49,-463.67
11/9/2022 16:50,-463.67
11/9/2022 16:51,-463.67
11/9/2022 16:52,-498.66
11/9/2022 16:53,-498.66
11/9/2022 16:54,-498.66
11/9/2022 16:55,-498.66
11/9/2022 16:56,-498.66
11/9/2022 16:57,-498.66
11/9/2022 16:58,-533.57
11/9/2022 16:59,-568.89
11/9/2022 17:00,-568.89
11/9/2022 17:01,-604.19
11/9/2022 17:02,-603.66
11/9/2022 17:03,-603.66
11/9/2022 17:04,-603.66
11/9/2022 17:05,-603.66
11/9/2022 17:06,-603.13
11/9/2022 17:07,-638.33
11/9/2022 17:08,-638.33
11/9/2022 17:09,-638.33
11/9/2022 17:10,-673.51
11/9/2022 17:11,-708.66
11/9/2022 17:12,-744.42
11/9/2022 17:13,-708.05
11/9/2022 17:14,-708.05
11/9/2022 17:15,-743.14
11/9/2022 17:16,-743.14
11/9/2022 17:17,-742.51
11/9/2022 17:18,-778.2
11/9/2022 17:19,-778.2
11/9/2022 17:20,-812.55
11/9/2022 17:21,-777.54
11/9/2022 17:22,-812.55
11/9/2022 17:23,-811.87
11/9/2022 17:24,-811.87
11/9/2022 17:25,-811.87
11/9/2022 17:26,-776.23
11/9/2022 17:27,-776.23
11/9/2022 17:28,-811.19
11/9/2022 17:29,-811.19
11/9/2022 17:30,-846.11
11/9/2022 17:31,-846.11
11/9/2022 17:32,-846.11
11/9/2022 17:33,-845.41
11/9/2022 17:34,-845.41
11/9/2022 17:35,-845.41
11/9/2022 17:36,-809.84
11/9/2022 17:37,-844.72
11/9/2022 17:38,-809.84
11/9/2022 17:39,-844.03
11/9/2022 17:40,-809.18
11/9/2022 17:41,-844.72
11/9/2022 17:42,-844.03
11/9/2022 17:43,-844.03
11/9/2022 17:44,-844.03
11/9/2022 17:45,-843.34
11/9/2022 17:46,-843.34
11/9/2022 17:47,-843.34
11/9/2022 17:48,-878.14
11/9/2022 17:49,-877.43
11/9/2022 17:50,-842.66
11/9/2022 17:51,-842.66
11/9/2022 17:52,-841.99
11/9/2022 17:53,-877.43
11/9/2022 17:54,-877.43
11/9/2022 17:55,-876.73
11/9/2022 17:56,-876.73
11/9/2022 17:57,-876.73
11/9/2022 17:58,-876.03
11/9/2022 17:59,-876.03
11/9/2022 18:00,-876.03
11/9/2022 18:01,-911.45
11/9/2022 18:02,-910.73
11/9/2022 18:03,-945.39
11/9/2022 18:04,-945.39
11/9/2022 18:05,-944.65
11/9/2022 18:06,-944.65
11/9/2022 18:07,-910.01
11/9/2022 18:08,-980.04
11/9/2022 18:09,-979.27
11/9/2022 18:10,-979.27
11/9/2022 18:11,-979.27
11/9/2022 18:12,-978.51
11/9/2022 18:13,-943.92
11/9/2022 18:14,-943.92
11/9/2022 18:15,-943.92
11/9/2022 18:16,-943.92
11/9/2022 18:17,-943.92
11/9/2022 18:18,-908.59
11/9/2022 18:19,-943.19
11/9/2022 18:20,-943.19
11/9/2022 18:21,-943.19
11/9/2022 18:22,-943.19
11/9/2022 18:23,-907.89
11/9/2022 18:24,-907.89
11/9/2022 18:25,-907.89
11/9/2022 18:26,-943.19
11/9/2022 18:27,-942.46
11/9/2022 18:28,-942.46
11/9/2022 18:29,-942.46
11/9/2022 18:30,-977.01
11/9/2022 18:31,-942.46
11/9/2022 18:32,-942.46
11/9/2022 18:33,-942.46
11/9/2022 18:34,-941.74
11/9/2022 18:35,-941.74
11/9/2022 18:36,-941.74
11/9/2022 18:37,-976.27
11/9/2022 18:38,-975.53
11/9/2022 18:39,-975.53
11/9/2022 18:40,-1010.76
11/9/2022 18:41,-975.53
11/9/2022 18:42,-1044.45
11/9/2022 18:43,-1044.45
11/9/2022 18:44,-1010
11/9/2022 18:45,-1010
11/9/2022 18:46,-1009.25
11/9/2022 18:47,-1009.25
11/9/2022 18:48,-1009.25
11/9/2022 18:49,-1010
11/9/2022 18:50,-1009.25
11/9/2022 18:51,-1009.25
11/9/2022 18:52,-1009.25
11/9/2022 18:53,-1009.25
11/9/2022 18:54,-1043.67
11/9/2022 18:55,-1042.9
11/9/2022 18:56,-1042.9
11/9/2022 18:57,-1042.9
11/9/2022 18:58,-1042.9
11/9/2022 18:59,-1042.13
11/9/2022 19:00,-1042.13
11/9/2022 19:01,-1007.75
11/9/2022 19:02,-1042.9
11/9/2022 19:03,-1076.49
11/9/2022 19:04,-1076.49
11/9/2022 19:05,-1076.49
11/9/2022 19:06,-1076.49
11/9/2022 19:07,-1042.13
11/9/2022 19:08,-1041.37
11/9/2022 19:09,-1041.37
11/9/2022 19:10,-1076.49
11/9/2022 19:11,-1042.13
11/9/2022 19:12,-1006.28
11/9/2022 19:13,-1041.37
11/9/2022 19:14,-1041.37
11/9/2022 19:15,-1007.01
11/9/2022 19:16,-1007.01
11/9/2022 19:17,-1006.28
11/9/2022 19:18,-1006.28
11/9/2022 19:19,-1006.28
11/9/2022 19:20,-1006.28
11/9/2022 19:21,-1041.37
11/9/2022 19:22,-1005.55
11/9/2022 19:23,-1040.62
11/9/2022 19:24,-1040.62
11/9/2022 19:25,-1040.62
11/9/2022 19:26,-1040.62
11/9/2022 19:27,-1074.16
11/9/2022 19:28,-1039.87
11/9/2022 19:29,-1005.55
11/9/2022 19:30,-1005.55
11/9/2022 19:31,-1004.83
11/9/2022 19:32,-1004.83
11/9/2022 19:33,-1039.87
11/9/2022 19:34,-1039.87
11/9/2022 19:35,-1039.87
11/9/2022 19:36,-1005.55
11/9/2022 19:37,-1004.83
11/9/2022 19:38,-1004.83
11/9/2022 19:39,-1004.83
11/9/2022 19:40,-1004.83
11/9/2022 19:41,-1039.87
11/9/2022 19:42,-1039.12
11/9/2022 19:43,-1039.12
11/9/2022 19:44,-1073.39
11/9/2022 19:45,-1073.39
11/9/2022 19:46,-1073.39
11/9/2022 19:47,-1039.12
11/9/2022 19:48,-1038.38
11/9/2022 19:49,-1004.11
11/9/2022 19:50,-1038.38
11/9/2022 19:51,-1038.38
11/9/2022 19:52,-1038.38
11/9/2022 19:53,-1037.65
11/9/2022 19:54,-1037.65
11/9/2022 19:55,-1037.65
11/9/2022 19:56,-1072.63
11/9/2022 19:57,-1072.63
11/9/2022 19:58,-1072.63
11/9/2022 19:59,-1106.08
11/9/2022 20:00,-1106.08
11/9/2022 20:01,-1106.08
11/9/2022 20:02,-1106.08
11/9/2022 20:03,-1106.08
11/9/2022 20:04,-1141.06
11/9/2022 20:05,-1105.31
11/9/2022 20:06,-1105.31
11/9/2022 20:07,-1105.31
11/9/2022 20:08,-1140.26
11/9/2022 20:09,-1140.26
11/9/2022 20:10,-1106.08
11/9/2022 20:11,-1140.26
11/9/2022 20:12,-1139.47
11/9/2022 20:13,-1105.31
11/9/2022 20:14,-1105.31
11/9/2022 20:15,-1105.31
11/9/2022 20:16,-1105.31
11/9/2022 20:17,-1105.31
11/9/2022 20:18,-1104.54
11/9/2022 20:19,-1104.54
11/9/2022 20:20,-1138.68
11/9/2022 20:21,-1138.68
11/9/2022 20:22,-1138.68
11/9/2022 20:23,-1138.68
11/9/2022 20:24,-1137.9
11/9/2022 20:25,-1172.8
11/9/2022 20:26,-1137.9
11/9/2022 20:27,-1172.8
11/9/2022 20:28,-1172
11/9/2022 20:29,-1172
11/9/2022 20:30,-1172
11/9/2022 20:31,-1137.13
11/9/2022 20:32,-1137.13
11/9/2022 20:33,-1137.13
11/9/2022 20:34,-1171.21
11/9/2022 20:35,-1102.28
11/9/2022 20:36,-1136.36
11/9/2022 20:37,-1171.21
11/9/2022 20:38,-1136.36
11/9/2022 20:39,-1171.21
11/9/2022 20:40,-1136.36
11/9/2022 20:41,-1171.21
11/9/2022 20:42,-1171.21
11/9/2022 20:43,-1136.36
11/9/2022 20:44,-1170.42
11/9/2022 20:45,-1169.63
11/9/2022 20:46,-1169.63
11/9/2022 20:47,-1169.63
11/9/2022 20:48,-1204.46
11/9/2022 20:49,-1204.46
11/9/2022 20:50,-1203.65
11/9/2022 20:51,-1203.65
11/9/2022 20:52,-1203.65
11/9/2022 20:53,-1203.65
11/9/2022 20:54,-1203.65
11/9/2022 20:55,-1203.65
11/9/2022 20:56,-1238.47
11/9/2022 20:57,-1272.47
11/9/2022 20:58,-1237.65
11/9/2022 20:59,-1237.65
11/9/2022 21:00,-1237.65
11/9/2022 21:01,-1237.65
11/9/2022 21:02,-1202.85
11/9/2022 21:03,-1237.65
11/9/2022 21:04,-1237.65
11/9/2022 21:05,-1237.65
11/9/2022 21:06,-1202.85
11/9/2022 21:07,-1202.85
11/9/2022 21:08,-1236.83
11/9/2022 21:09,-1202.85
11/9/2022 21:10,-1168.09
11/9/2022 21:11,-1202.85
11/9/2022 21:12,-1202.85
11/9/2022 21:13,-1236.02
11/9/2022 21:14,-1270.79
11/9/2022 21:15,-1270.79
11/9/2022 21:16,-1236.83
11/9/2022 21:17,-1236.83
11/9/2022 21:18,-1236.83
11/9/2022 21:19,-1236.83
11/9/2022 21:20,-1236.02
11/9/2022 21:21,-1236.02
11/9/2022 21:22,-1236.02
11/9/2022 21:23,-1304.73
11/9/2022 21:24,-1236.02
11/9/2022 21:25,-1270.79
11/9/2022 21:26,-1270.79
11/9/2022 21:27,-1270.79
11/9/2022 21:28,-1269.96
11/9/2022 21:29,-1303.88
11/9/2022 21:30,-1269.96
11/9/2022 21:31,-1303.88
11/9/2022 21:32,-1303.88
11/9/2022 21:33,-1269.13
11/9/2022 21:34,-1303.88
11/9/2022 21:35,-1269.96
11/9/2022 21:36,-1269.96
11/9/2022 21:37,-1269.96
11/9/2022 21:38,-1234.42
11/9/2022 21:39,-1269.13
11/9/2022 21:40,-1234.42
11/9/2022 21:41,-1234.42
11/9/2022 21:42,-1234.42
11/9/2022 21:43,-1269.13
11/9/2022 21:44,-1269.13
11/9/2022 21:45,-1269.13
11/9/2022 21:46,-1269.13
11/9/2022 21:47,-1268.32
11/9/2022 21:48,-1267.5
11/9/2022 21:49,-1267.5
11/9/2022 21:50,-1302.2
11/9/2022 21:51,-1302.2
11/9/2022 21:52,-1336.91
11/9/2022 21:53,-1303.03
11/9/2022 21:54,-1268.32
11/9/2022 21:55,-1302.2
11/9/2022 21:56,-1370.78
11/9/2022 21:57,-1336.06
11/9/2022 21:58,-1335.21
11/9/2022 21:59,-1335.21
11/9/2022 22:00,-1335.21
11/9/2022 22:01,-1369.9
11/9/2022 22:02,-1335.21
11/9/2022 22:03,-1335.21
11/9/2022 22:04,-1335.21
11/9/2022 22:05,-1335.21
11/9/2022 22:06,-1335.21
11/9/2022 22:07,-1335.21
11/9/2022 22:08,-1334.37
11/9/2022 22:09,-1334.37
11/9/2022 22:10,-1334.37
11/9/2022 22:11,-1368.17
11/9/2022 22:12,-1368.17
11/9/2022 22:13,-1334.37
11/9/2022 22:14,-1334.37
11/9/2022 22:15,-1300.54
11/9/2022 22:16,-1334.37
11/9/2022 22:17,-1369.03
11/9/2022 22:18,-1334.37
11/9/2022 22:19,-1368.17
11/9/2022 22:20,-1333.53
11/9/2022 22:21,-1368.17
11/9/2022 22:22,-1333.53
11/9/2022 22:23,-1368.17
11/9/2022 22:24,-1333.53
11/9/2022 22:25,-1401.96
11/9/2022 22:26,-1367.32
11/9/2022 22:27,-1367.32
11/9/2022 22:28,-1332.7
11/9/2022 22:29,-1367.32
11/9/2022 22:30,-1367.32
11/9/2022 22:31,-1401.08
11/9/2022 22:32,-1366.47
11/9/2022 22:33,-1366.47
11/9/2022 22:34,-1366.47
11/9/2022 22:35,-1366.47
11/9/2022 22:36,-1401.08
11/9/2022 22:37,-1366.47
11/9/2022 22:38,-1367.32
11/9/2022 22:39,-1367.32
11/9/2022 22:40,-1332.7
11/9/2022 22:41,-1366.47
11/9/2022 22:42,-1401.08
11/9/2022 22:43,-1366.47
11/9/2022 22:44,-1366.47
11/9/2022 22:45,-1331.87
11/9/2022 22:46,-1331.87
11/9/2022 22:47,-1366.47
11/9/2022 22:48,-1400.22
11/9/2022 22:49,-1365.62
11/9/2022 22:50,-1365.62
11/9/2022 22:51,-1365.62
11/9/2022 22:52,-1400.22
11/9/2022 22:53,-1365.62
11/9/2022 22:54,-1399.36
11/9/2022 22:55,-1400.22
11/9/2022 22:56,-1400.22
11/9/2022 22:57,-1399.36
11/9/2022 22:58,-1364.79
11/9/2022 22:59,-1364.79
11/9/2022 23:00,-1365.62
11/9/2022 23:01,-1364.79
11/9/2022 23:02,-1365.62
11/9/2022 23:03,-1399.36
11/9/2022 23:04,-1433.07
11/9/2022 23:05,-1433.07
11/9/2022 23:06,-1398.5
11/9/2022 23:07,-1364.79
11/9/2022 23:08,-1365.62
11/9/2022 23:09,-1399.36
11/9/2022 23:10,-1397.65
11/9/2022 23:11,-1432.2
11/9/2022 23:12,-1397.65
11/9/2022 23:13,-1397.65
11/9/2022 23:14,-1397.65
11/9/2022 23:15,-1432.2
11/9/2022 23:16,-1432.2
11/9/2022 23:17,-1466.77
11/9/2022 23:18,-1466.77
11/9/2022 23:19,-1432.2
11/9/2022 23:20,-1465.88
11/9/2022 23:21,-1397.65
11/9/2022 23:22,-1432.2
11/9/2022 23:23,-1432.2
11/9/2022 23:24,-1396.81
11/9/2022 23:25,-1431.33
11/9/2022 23:26,-1431.33
11/9/2022 23:27,-1465
11/9/2022 23:28,-1465
11/9/2022 23:29,-1430.48
11/9/2022 23:30,-1430.48
11/9/2022 23:31,-1430.48
11/9/2022 23:32,-1465
11/9/2022 23:33,-1430.48
11/9/2022 23:34,-1465
11/9/2022 23:35,-1464.12
11/9/2022 23:36,-1464.12
11/9/2022 23:37,-1464.12
11/9/2022 23:38,-1428.78
11/9/2022 23:39,-1463.25
11/9/2022 23:40,-1464.12
11/9/2022 23:41,-1429.62
11/9/2022 23:42,-1395.98
11/9/2022 23:43,-1429.62
11/9/2022 23:44,-1429.62
11/9/2022 23:45,-1429.62
11/9/2022 23:46,-1430.48
11/9/2022 23:47,-1464.12
11/9/2022 23:48,-1464.12
11/9/2022 23:49,-1464.12
11/9/2022 23:50,-1464.12
11/9/2022 23:51,-1463.25
11/9/2022 23:52,-1463.25
11/9/2022 23:53,-1428.78
11/9/2022 23:54,-1463.25
11/9/2022 23:55,-1428.78
11/9/2022 23:56,-1463.25
11/9/2022 23:57,-1428.78
11/9/2022 23:58,-1429.62
11/9/2022 23:59,-1429.62
11/10/2022 0:00,-1428.78
11/10/2022 0:01,-1496.86
11/10/2022 0:02,-1496.86
11/10/2022 0:03,-1496.86
11/10/2022 0:04,-1496.86
11/10/2022 0:05,-1495.98
11/10/2022 0:06,-1530.46
11/10/2022 0:07,-1495.98
11/10/2022 0:08,-1495.98
11/10/2022 0:09,-1529.56
11/10/2022 0:10,-1529.56
11/10/2022 0:11,-1495.98
11/10/2022 0:12,-1495.98
11/10/2022 0:13,-1495.98
11/10/2022 0:14,-1495.98
11/10/2022 0:15,-1530.46
11/10/2022 0:16,-1495.98
11/10/2022 0:17,-1461.53
11/10/2022 0:18,-1495.11
11/10/2022 0:19,-1495.11
11/10/2022 0:20,-1461.53
11/10/2022 0:21,-1427.11
11/10/2022 0:22,-1495.11
11/10/2022 0:23,-1460.68
11/10/2022 0:24,-1461.53
11/10/2022 0:25,-1495.11
11/10/2022 0:26,-1495.11
11/10/2022 0:27,-1461.53
11/10/2022 0:28,-1461.53
11/10/2022 0:29,-1461.53
11/10/2022 0:30,-1461.53
11/10/2022 0:31,-1427.94
11/10/2022 0:32,-1460.68
11/10/2022 0:33,-1495.11
11/10/2022 0:34,-1495.11
11/10/2022 0:35,-1495.11
11/10/2022 0:36,-1495.11
11/10/2022 0:37,-1461.53
11/10/2022 0:38,-1461.53
11/10/2022 0:39,-1461.53
11/10/2022 0:40,-1461.53
11/10/2022 0:41,-1461.53
11/10/2022 0:42,-1461.53
11/10/2022 0:43,-1495.11
11/10/2022 0:44,-1495.11
11/10/2022 0:45,-1495.11
11/10/2022 0:46,-1494.24
11/10/2022 0:47,-1494.24
11/10/2022 0:48,-1494.24
11/10/2022 0:49,-1494.24
11/10/2022 0:50,-1459.84
11/10/2022 0:51,-1494.24
11/10/2022 0:52,-1460.68
11/10/2022 0:53,-1495.11
11/10/2022 0:54,-1495.11
11/10/2022 0:55,-1460.68
11/10/2022 0:56,-1495.11
11/10/2022 0:57,-1461.53
11/10/2022 0:58,-1427.11
11/10/2022 0:59,-1461.53
11/10/2022 1:00,-1495.11
11/10/2022 1:01,-1495.11
11/10/2022 1:02,-1460.68
11/10/2022 1:03,-1459.84
11/10/2022 1:04,-1494.24
11/10/2022 1:05,-1459.84
11/10/2022 1:06,-1459.84
11/10/2022 1:07,-1459.84
11/10/2022 1:08,-1494.24
11/10/2022 1:09,-1494.24
11/10/2022 1:10,-1493.38
11/10/2022 1:11,-1493.38
11/10/2022 1:12,-1493.38
11/10/2022 1:13,-1493.38
11/10/2022 1:14,-1493.38
11/10/2022 1:15,-1459.84
11/10/2022 1:16,-1459.84
11/10/2022 1:17,-1460.68
11/10/2022 1:18,-1426.28
11/10/2022 1:19,-1460.68
11/10/2022 1:20,-1426.28
11/10/2022 1:21,-1391.1
11/10/2022 1:22,-1459.84
11/10/2022 1:23,-1424.65
11/10/2022 1:24,-1391.1
11/10/2022 1:25,-1391.1
11/10/2022 1:26,-1459.84
11/10/2022 1:27,-1425.46
11/10/2022 1:28,-1459.84
11/10/2022 1:29,-1425.46
11/10/2022 1:30,-1459.84
11/10/2022 1:31,-1459
11/10/2022 1:32,-1459.84
11/10/2022 1:33,-1459
11/10/2022 1:34,-1424.65
11/10/2022 1:35,-1493.38
11/10/2022 1:36,-1493.38
11/10/2022 1:37,-1493.38
11/10/2022 1:38,-1493.38
11/10/2022 1:39,-1492.53
11/10/2022 1:40,-1458.17
11/10/2022 1:41,-1491.68
11/10/2022 1:42,-1492.53
11/10/2022 1:43,-1458.17
11/10/2022 1:44,-1491.68
11/10/2022 1:45,-1457.35
11/10/2022 1:46,-1457.35
11/10/2022 1:47,-1457.35
11/10/2022 1:48,-1491.68
11/10/2022 1:49,-1491.68
11/10/2022 1:50,-1491.68
11/10/2022 1:51,-1491.68
11/10/2022 1:52,-1457.35
11/10/2022 1:53,-1423.84
11/10/2022 1:54,-1423.84
11/10/2022 1:55,-1458.17
11/10/2022 1:56,-1492.53
11/10/2022 1:57,-1491.68
11/10/2022 1:58,-1457.35
11/10/2022 1:59,-1457.35
11/10/2022 2:00,-1457.35
11/10/2022 2:01,-1457.35
11/10/2022 2:02,-1457.35
11/10/2022 2:03,-1457.35
11/10/2022 2:04,-1457.35
11/10/2022 2:05,-1490.84
11/10/2022 2:06,-1490.84
11/10/2022 2:07,-1490.84
11/10/2022 2:08,-1490.84
11/10/2022 2:09,-1490.84
11/10/2022 2:10,-1490.84
11/10/2022 2:11,-1456.53
11/10/2022 2:12,-1457.35
11/10/2022 2:13,-1457.35
11/10/2022 2:14,-1490.84
11/10/2022 2:15,-1490.01
11/10/2022 2:16,-1524.32
11/10/2022 2:17,-1456.53
11/10/2022 2:18,-1490.84
11/10/2022 2:19,-1490.84
11/10/2022 2:20,-1456.53
11/10/2022 2:21,-1422.24
11/10/2022 2:22,-1490.84
11/10/2022 2:23,-1456.53
11/10/2022 2:24,-1422.24
11/10/2022 2:25,-1456.53
11/10/2022 2:26,-1456.53
11/10/2022 2:27,-1456.53
11/10/2022 2:28,-1456.53
11/10/2022 2:29,-1456.53
11/10/2022 2:30,-1456.53
11/10/2022 2:31,-1456.53
11/10/2022 2:32,-1490.84
11/10/2022 2:33,-1490.01
11/10/2022 2:34,-1490.01
11/10/2022 2:35,-1456.53
11/10/2022 2:36,-1456.53
11/10/2022 2:37,-1422.24
11/10/2022 2:38,-1422.24
11/10/2022 2:39,-1456.53
11/10/2022 2:40,-1423.04
11/10/2022 2:41,-1423.04
11/10/2022 2:42,-1423.04
11/10/2022 2:43,-1423.04
11/10/2022 2:44,-1423.04
11/10/2022 2:45,-1423.04
11/10/2022 2:46,-1389.52
11/10/2022 2:47,-1389.52
11/10/2022 2:48,-1457.35
11/10/2022 2:49,-1457.35
11/10/2022 2:50,-1423.04
11/10/2022 2:51,-1388.74
11/10/2022 2:52,-1423.04
11/10/2022 2:53,-1457.35
11/10/2022 2:54,-1422.24
11/10/2022 2:55,-1455.72
11/10/2022 2:56,-1455.72
11/10/2022 2:57,-1422.24
11/10/2022 2:58,-1455.72
11/10/2022 2:59,-1490.01
11/10/2022 3:00,-1455.72
11/10/2022 3:01,-1421.45
11/10/2022 3:02,-1455.72
11/10/2022 3:03,-1421.45
11/10/2022 3:04,-1455.72
11/10/2022 3:05,-1455.72
11/10/2022 3:06,-1455.72
11/10/2022 3:07,-1455.72
11/10/2022 3:08,-1490.01
11/10/2022 3:09,-1455.72
11/10/2022 3:10,-1455.72
11/10/2022 3:11,-1455.72
11/10/2022 3:12,-1490.01
11/10/2022 3:13,-1422.24
11/10/2022 3:14,-1422.24
11/10/2022 3:15,-1456.53
11/10/2022 3:16,-1387.97
11/10/2022 3:17,-1422.24
11/10/2022 3:18,-1387.97
11/10/2022 3:19,-1387.97
11/10/2022 3:20,-1387.97
11/10/2022 3:21,-1387.97
11/10/2022 3:22,-1422.24
11/10/2022 3:23,-1387.2
11/10/2022 3:24,-1387.97
11/10/2022 3:25,-1422.24
11/10/2022 3:26,-1387.97
11/10/2022 3:27,-1353.72
11/10/2022 3:28,-1387.97
11/10/2022 3:29,-1421.45
11/10/2022 3:30,-1387.2
11/10/2022 3:31,-1421.45
11/10/2022 3:32,-1387.97
11/10/2022 3:33,-1421.45
11/10/2022 3:34,-1387.97
11/10/2022 3:35,-1353.72
11/10/2022 3:36,-1387.97
11/10/2022 3:37,-1422.24
11/10/2022 3:38,-1456.53
11/10/2022 3:39,-1422.24
11/10/2022 3:40,-1422.24
11/10/2022 3:41,-1387.97
11/10/2022 3:42,-1387.97
11/10/2022 3:43,-1420.67
11/10/2022 3:44,-1387.2
11/10/2022 3:45,-1387.2
11/10/2022 3:46,-1387.2
11/10/2022 3:47,-1420.67
11/10/2022 3:48,-1454.91
11/10/2022 3:49,-1420.67
11/10/2022 3:50,-1454.91
11/10/2022 3:51,-1420.67
11/10/2022 3:52,-1455.72
11/10/2022 3:53,-1454.91
11/10/2022 3:54,-1454.91
11/10/2022 3:55,-1420.67
11/10/2022 3:56,-1419.89
11/10/2022 3:57,-1420.67
11/10/2022 3:58,-1454.91
11/10/2022 3:59,-1488.36
11/10/2022 4:00,-1454.11
11/10/2022 4:01,-1420.67
11/10/2022 4:02,-1420.67
11/10/2022 4:03,-1421.45
11/10/2022 4:04,-1387.2
11/10/2022 4:05,-1454.91
11/10/2022 4:06,-1489.18
11/10/2022 4:07,-1454.91
11/10/2022 4:08,-1387.2
11/10/2022 4:09,-1454.91
11/10/2022 4:10,-1420.67
11/10/2022 4:11,-1421.45
11/10/2022 4:12,-1419.89
11/10/2022 4:13,-1454.11
11/10/2022 4:14,-1488.36
11/10/2022 4:15,-1454.11
11/10/2022 4:16,-1419.89
11/10/2022 4:17,-1454.11
11/10/2022 4:18,-1454.11
11/10/2022 4:19,-1420.67
11/10/2022 4:20,-1420.67
11/10/2022 4:21,-1421.45
11/10/2022 4:22,-1387.2
11/10/2022 4:23,-1352.98
11/10/2022 4:24,-1352.98
11/10/2022 4:25,-1352.24
11/10/2022 4:26,-1352.98
11/10/2022 4:27,-1387.2
11/10/2022 4:28,-1420.67
11/10/2022 4:29,-1420.67
11/10/2022 4:30,-1420.67
11/10/2022 4:31,-1352.98
11/10/2022 4:32,-1420.67
11/10/2022 4:33,-1387.2
11/10/2022 4:34,-1420.67
11/10/2022 4:35,-1386.44
11/10/2022 4:36,-1420.67
11/10/2022 4:37,-1454.91
11/10/2022 4:38,-1386.44
11/10/2022 4:39,-1352.98
11/10/2022 4:40,-1387.2
11/10/2022 4:41,-1454.11
11/10/2022 4:42,-1454.11
11/10/2022 4:43,-1419.89
11/10/2022 4:44,-1453.32
11/10/2022 4:45,-1453.32
11/10/2022 4:46,-1486.74
11/10/2022 4:47,-1452.53
11/10/2022 4:48,-1486.74
11/10/2022 4:49,-1452.53
11/10/2022 4:50,-1452.53
11/10/2022 4:51,-1418.35
11/10/2022 4:52,-1486.74
11/10/2022 4:53,-1452.53
11/10/2022 4:54,-1520.96
11/10/2022 4:55,-1486.74
11/10/2022 4:56,-1486.74
11/10/2022 4:57,-1452.53
11/10/2022 4:58,-1452.53
11/10/2022 4:59,-1486.74
11/10/2022 5:00,-1453.32
11/10/2022 5:01,-1453.32
11/10/2022 5:02,-1419.12
11/10/2022 5:03,-1384.93
11/10/2022 5:04,-1419.12
11/10/2022 5:05,-1453.32
11/10/2022 5:06,-1419.12
11/10/2022 5:07,-1385.68
11/10/2022 5:08,-1419.89
11/10/2022 5:09,-1419.12
11/10/2022 5:10,-1419.12
11/10/2022 5:11,-1384.93
11/10/2022 5:12,-1385.68
11/10/2022 5:13,-1385.68
11/10/2022 5:14,-1453.32
11/10/2022 5:15,-1419.12
11/10/2022 5:16,-1419.12
11/10/2022 5:17,-1419.12
11/10/2022 5:18,-1453.32
11/10/2022 5:19,-1453.32
11/10/2022 5:20,-1419.12
11/10/2022 5:21,-1384.19
11/10/2022 5:22,-1452.53
11/10/2022 5:23,-1384.93
11/10/2022 5:24,-1452.53
11/10/2022 5:25,-1419.12
11/10/2022 5:26,-1486.74
11/10/2022 5:27,-1452.53
11/10/2022 5:28,-1418.35
11/10/2022 5:29,-1486.74
11/10/2022 5:30,-1452.53
11/10/2022 5:31,-1452.53
11/10/2022 5:32,-1419.12
11/10/2022 5:33,-1419.12
11/10/2022 5:34,-1419.12
11/10/2022 5:35,-1384.19
11/10/2022 5:36,-1485.94
11/10/2022 5:37,-1418.35
11/10/2022 5:38,-1418.35
11/10/2022 5:39,-1384.19
11/10/2022 5:40,-1418.35
11/10/2022 5:41,-1384.19
11/10/2022 5:42,-1384.93
11/10/2022 5:43,-1384.93
11/10/2022 5:44,-1384.93
11/10/2022 5:45,-1384.93
11/10/2022 5:46,-1351.5
11/10/2022 5:47,-1385.68
11/10/2022 5:48,-1351.5
11/10/2022 5:49,-1352.24
11/10/2022 5:50,-1318.77
11/10/2022 5:51,-1318.77
11/10/2022 5:52,-1284.59
11/10/2022 5:53,-1284.59
11/10/2022 5:54,-1284.59
11/10/2022 5:55,-1284.59
11/10/2022 5:56,-1251.11
11/10/2022 5:57,-1251.11
11/10/2022 5:58,-1319.5
11/10/2022 5:59,-1319.5
11/10/2022 6:00,-1285.29
11/10/2022 6:01,-1285.29
11/10/2022 6:02,-1251.11
11/10/2022 6:03,-1251.11
11/10/2022 6:04,-1285.29
11/10/2022 6:05,-1285.29
11/10/2022 6:06,-1319.5
11/10/2022 6:07,-1285.29
11/10/2022 6:08,-1352.98
11/10/2022 6:09,-1352.98
11/10/2022 6:10,-1352.98
11/10/2022 6:11,-1318.77
11/10/2022 6:12,-1318.77
11/10/2022 6:13,-1318.77
11/10/2022 6:14,-1318.05
11/10/2022 6:15,-1318.05
11/10/2022 6:16,-1351.5
11/10/2022 6:17,-1351.5
11/10/2022 6:18,-1351.5
11/10/2022 6:19,-1351.5
11/10/2022 6:20,-1351.5
11/10/2022 6:21,-1351.5
11/10/2022 6:22,-1351.5
11/10/2022 6:23,-1317.34
11/10/2022 6:24,-1385.68
11/10/2022 6:25,-1385.68
11/10/2022 6:26,-1351.5
11/10/2022 6:27,-1352.24
11/10/2022 6:28,-1318.05
11/10/2022 6:29,-1351.5
11/10/2022 6:30,-1318.05
11/10/2022 6:31,-1284.59
11/10/2022 6:32,-1284.59
11/10/2022 6:33,-1318.77
11/10/2022 6:34,-1284.59
11/10/2022 6:35,-1284.59
11/10/2022 6:36,-1318.05
11/10/2022 6:37,-1318.05
11/10/2022 6:38,-1351.5
11/10/2022 6:39,-1318.05
11/10/2022 6:40,-1352.24
11/10/2022 6:41,-1284.59
11/10/2022 6:42,-1284.59
11/10/2022 6:43,-1250.43
11/10/2022 6:44,-1284.59
11/10/2022 6:45,-1318.05
11/10/2022 6:46,-1318.05
11/10/2022 6:47,-1352.24
11/10/2022 6:48,-1318.05
11/10/2022 6:49,-1318.05
11/10/2022 6:50,-1351.5
11/10/2022 6:51,-1318.05
11/10/2022 6:52,-1318.05
11/10/2022 6:53,-1318.05
11/10/2022 6:54,-1351.5
11/10/2022 6:55,-1351.5
11/10/2022 6:56,-1318.05
11/10/2022 6:57,-1318.05
11/10/2022 6:58,-1318.05
11/10/2022 6:59,-1284.59
11/10/2022 7:00,-1284.59
11/10/2022 7:01,-1284.59
11/10/2022 7:02,-1318.77
11/10/2022 7:03,-1318.77
11/10/2022 7:04,-1318.05
11/10/2022 7:05,-1284.59
11/10/2022 7:06,-1284.59
11/10/2022 7:07,-1284.59
11/10/2022 7:08,-1318.77
11/10/2022 7:09,-1284.59
11/10/2022 7:10,-1250.43
11/10/2022 7:11,-1250.43
11/10/2022 7:12,-1284.59
11/10/2022 7:13,-1283.89
11/10/2022 7:14,-1283.89
11/10/2022 7:15,-1283.89
11/10/2022 7:16,-1318.05
11/10/2022 7:17,-1216.29
11/10/2022 7:18,-1216.29
11/10/2022 7:19,-1250.43
11/10/2022 7:20,-1216.29
11/10/2022 7:21,-1250.43
11/10/2022 7:22,-1284.59
11/10/2022 7:23,-1250.43
11/10/2022 7:24,-1318.05
11/10/2022 7:25,-1318.05
11/10/2022 7:26,-1283.89
11/10/2022 7:27,-1249.75
11/10/2022 7:28,-1283.89
11/10/2022 7:29,-1283.89
11/10/2022 7:30,-1317.34
11/10/2022 7:31,-1249.75
11/10/2022 7:32,-1283.89
11/10/2022 7:33,-1249.75
11/10/2022 7:34,-1317.34
11/10/2022 7:35,-1283.89
11/10/2022 7:36,-1283.2
11/10/2022 7:37,-1283.2
11/10/2022 7:38,-1283.2
11/10/2022 7:39,-1283.2
11/10/2022 7:40,-1283.2
11/10/2022 7:41,-1317.34
11/10/2022 7:42,-1351.5
11/10/2022 7:43,-1283.89
11/10/2022 7:44,-1283.89
11/10/2022 7:45,-1283.89
11/10/2022 7:46,-1318.05
11/10/2022 7:47,-1250.43
11/10/2022 7:48,-1284.59
11/10/2022 7:49,-1250.43
11/10/2022 7:50,-1284.59
11/10/2022 7:51,-1250.43
11/10/2022 7:52,-1216.95
11/10/2022 7:53,-1251.11
11/10/2022 7:54,-1216.95
11/10/2022 7:55,-1216.95
11/10/2022 7:56,-1216.95
11/10/2022 7:57,-1216.95
11/10/2022 7:58,-1251.11
11/10/2022 7:59,-1216.95
11/10/2022 8:00,-1216.95
11/10/2022 8:01,-1216.95
11/10/2022 8:02,-1216.95
11/10/2022 8:03,-1183.45
11/10/2022 8:04,-1217.61
11/10/2022 8:05,-1216.95
11/10/2022 8:06,-1182.81
11/10/2022 8:07,-1149.31
11/10/2022 8:08,-1149.31
11/10/2022 8:09,-1183.45
11/10/2022 8:10,-1149.31
11/10/2022 8:11,-1149.94
11/10/2022 8:12,-1115.8
11/10/2022 8:13,-1115.8
11/10/2022 8:14,-1116.41
11/10/2022 8:15,-1149.94
11/10/2022 8:16,-1149.94
11/10/2022 8:17,-1150.57
11/10/2022 8:18,-1150.57
11/10/2022 8:19,-1149.94
11/10/2022 8:20,-1149.94
11/10/2022 8:21,-1149.94
11/10/2022 8:22,-1115.8
11/10/2022 8:23,-1115.8
11/10/2022 8:24,-1115.8
11/10/2022 8:25,-1116.41
11/10/2022 8:26,-1116.41
11/10/2022 8:27,-1116.41
11/10/2022 8:28,-1150.57
11/10/2022 8:29,-1116.41
11/10/2022 8:30,-1082.87
11/10/2022 8:31,-1116.41
11/10/2022 8:32,-1082.87
11/10/2022 8:33,-1082.87
11/10/2022 8:34,-1082.87
11/10/2022 8:35,-1082.87
11/10/2022 8:36,-1049.31
11/10/2022 8:37,-1049.31
11/10/2022 8:38,-1049.31
11/10/2022 8:39,-1015.73
11/10/2022 8:40,-1015.73
11/10/2022 8:41,-1049.89
11/10/2022 8:42,-1049.89
11/10/2022 8:43,-1016.3
11/10/2022 8:44,-982.14
11/10/2022 8:45,-1016.3
11/10/2022 8:46,-1016.3
11/10/2022 8:47,-1016.3
11/10/2022 8:48,-983.24
11/10/2022 8:49,-983.24
11/10/2022 8:50,-983.24
11/10/2022 8:51,-983.24
11/10/2022 8:52,-1051.67
11/10/2022 8:53,-1017.44
11/10/2022 8:54,-1017.44
11/10/2022 8:55,-983.8
11/10/2022 8:56,-949.6
11/10/2022 8:57,-983.8
11/10/2022 8:58,-949.6
11/10/2022 8:59,-949.6
11/10/2022 9:00,-983.8
11/10/2022 9:01,-915.93
11/10/2022 9:02,-950.14
11/10/2022 9:03,-916.46
11/10/2022 9:04,-916.46
11/10/2022 9:05,-916.46
11/10/2022 9:06,-916.46
11/10/2022 9:07,-882.76
11/10/2022 9:08,-882.76
11/10/2022 9:09,-882.76
11/10/2022 9:10,-916.99
11/10/2022 9:11,-849.04
11/10/2022 9:12,-883.27
11/10/2022 9:13,-815.31
11/10/2022 9:14,-849.54
11/10/2022 9:15,-815.79
11/10/2022 9:16,-782.02
11/10/2022 9:17,-748.23
11/10/2022 9:18,-714.42
11/10/2022 9:19,-680.6
11/10/2022 9:20,-681
11/10/2022 9:21,-715.27
11/10/2022 9:22,-647.14
11/10/2022 9:23,-647.14
11/10/2022 9:24,-681.41
11/10/2022 9:25,-681.41
11/10/2022 9:26,-715.7
11/10/2022 9:27,-681.82
11/10/2022 9:28,-647.53
11/10/2022 9:29,-647.92
11/10/2022 9:30,-647.92
11/10/2022 9:31,-614
11/10/2022 9:32,-545.77
11/10/2022 9:33,-512.13
11/10/2022 9:34,-444.12
11/10/2022 9:35,-376.26
11/10/2022 9:36,-376.49
11/10/2022 9:37,-308.23
11/10/2022 9:38,-308.23
11/10/2022 9:39,-274.07
11/10/2022 9:40,-239.89
11/10/2022 9:41,-205.68
11/10/2022 9:42,-171.46
11/10/2022 9:43,-171.57
11/10/2022 9:44,-240.35
11/10/2022 9:45,-240.35
11/10/2022 9:46,-274.6
11/10/2022 9:47,-377.46
11/10/2022 9:48,-445.8
11/10/2022 9:49,-479.94
11/10/2022 9:50,-548.16
11/10/2022 9:51,-548.51
11/10/2022 9:52,-582.61
11/10/2022 9:53,-582.61
11/10/2022 9:54,-548.16
11/10/2022 9:55,-548.16
11/10/2022 9:56,-548.16
11/10/2022 9:57,-548.51
11/10/2022 9:58,-582.61
11/10/2022 9:59,-548.16
11/10/2022 10:00,-582.61
11/10/2022 10:01,-548.16
11/10/2022 10:02,-582.24
11/10/2022 10:03,-582.24
11/10/2022 10:04,-617.09
11/10/2022 10:05,-582.61
11/10/2022 10:06,-582.61
11/10/2022 10:07,-616.69
11/10/2022 10:08,-582.61
11/10/2022 10:09,-616.69
11/10/2022 10:10,-616.69
11/10/2022 10:11,-617.09
11/10/2022 10:12,-582.99
11/10/2022 10:13,-582.99
11/10/2022 10:14,-582.99
11/10/2022 10:15,-582.99
11/10/2022 10:16,-514.39
11/10/2022 10:17,-480.25
11/10/2022 10:18,-514.73
11/10/2022 10:19,-480.88
11/10/2022 10:20,-480.88
11/10/2022 10:21,-412.18
11/10/2022 10:22,-412.18
11/10/2022 10:23,-412.18
11/10/2022 10:24,-412.18
11/10/2022 10:25,-446.68
11/10/2022 10:26,-412.18
11/10/2022 10:27,-446.97
11/10/2022 10:28,-446.68
11/10/2022 10:29,-412.45
11/10/2022 10:30,-446.97
11/10/2022 10:31,-412.45
11/10/2022 10:32,-378.2
11/10/2022 10:33,-378.46
11/10/2022 10:34,-344.16
11/10/2022 10:35,-310.06
11/10/2022 10:36,-310.06
11/10/2022 10:37,-275.51
11/10/2022 10:38,-241.32
11/10/2022 10:39,-241.16
11/10/2022 10:40,-241.32
11/10/2022 10:41,-241.32
11/10/2022 10:42,-241.49
11/10/2022 10:43,-207.06
11/10/2022 10:44,-172.61
11/10/2022 10:45,-138.13
11/10/2022 10:46,-69.11
11/10/2022 10:47,-34.59
11/10/2022 10:48,34.62
11/10/2022 10:49,69.31
11/10/2022 10:50,69.36
11/10/2022 10:51,138.82
11/10/2022 10:52,243.21
11/10/2022 10:53,313.16
11/10/2022 10:54,383.04
11/10/2022 10:55,348.61
11/10/2022 10:56,348.88
11/10/2022 10:57,383.91
11/10/2022 10:58,418.98
11/10/2022 10:59,454.42
11/10/2022 11:00,419.62
11/10/2022 11:01,384.5
11/10/2022 11:02,314.59
11/10/2022 11:03,314.59
11/10/2022 11:04,244.68
11/10/2022 11:05,209.64
11/10/2022 11:06,174.64
11/10/2022 11:07,174.64
11/10/2022 11:08,139.76
11/10/2022 11:09,69.83
11/10/2022 11:10,69.83
11/10/2022 11:11,69.88
11/10/2022 11:12,69.88
11/10/2022 11:13,69.88
11/10/2022 11:14,69.88
11/10/2022 11:15,69.88
11/10/2022 11:16,34.93
11/10/2022 11:17,34.93
11/10/2022 11:18,34.95
11/10/2022 11:19,34.95
11/10/2022 11:20,34.95
11/10/2022 11:21,69.99
11/10/2022 11:22,140.09
11/10/2022 11:23,175.18
11/10/2022 11:24,245.25
11/10/2022 11:25,245.45
11/10/2022 11:26,245.45
11/10/2022 11:27,245.45
11/10/2022 11:28,245.45
11/10/2022 11:29,245.65
11/10/2022 11:30,245.65
11/10/2022 11:31,245.65
11/10/2022 11:32,281.08
11/10/2022 11:33,316.34
11/10/2022 11:34,386.96
11/10/2022 11:35,457.7
11/10/2022 11:36,564.03
11/10/2022 11:37,564.5
11/10/2022 11:38,564.5
11/10/2022 11:39,529.44
11/10/2022 11:40,564.97
11/10/2022 11:41,529.44
11/10/2022 11:42,529.88
11/10/2022 11:43,565.45
11/10/2022 11:44,636.69
11/10/2022 11:45,637.23
11/10/2022 11:46,637.23
11/10/2022 11:47,601.57
11/10/2022 11:48,602.08
11/10/2022 11:49,672.93
11/10/2022 11:50,673.51
11/10/2022 11:51,709.27
11/10/2022 11:52,745.07
11/10/2022 11:53,781.59
11/10/2022 11:54,781.59
11/10/2022 11:55,745.72
11/10/2022 11:56,782.28
11/10/2022 11:57,817.48
11/10/2022 11:58,818.94
11/10/2022 11:59,818.94
11/10/2022 12:00,890.98
